desc,img,brand,feature,rating,review,price,originalPrice,offer,assured,offerType
HP KM300F Keyboard and Mouse Combo Wired USB Gaming Key...,https://rukminim1.flixcart.com/image/612/612/xif0q/keyboard/r/s/s/-original-imagghm25ekmwjgz.jpeg?q=70,HP,Black,4.5,177,1299,2116,38,"<img height=""21"" src=""//static-assets-web.flixcart.com/fk-p-linchpin-web/fk-cp-zion/img/fa_62673a.png""/>",Hot Deal
RRHR SALES Finger Sleeve For Pubg and all Gaming (Suita...,https://rukminim1.flixcart.com/image/612/612/kq8dua80/gaming-accessory-kit/gaming-controller-sleeve-cap-for-finger/c/e/6/finger-sleeve-for-pubg-and-all-gaming-suitable-for-all-original-imag4aztpdyc4nb4.jpeg?q=70,RRHR,"Black, For Android, iOS",4,9968,148,479,69,"<img height=""21"" src=""//static-assets-web.flixcart.com/fk-p-linchpin-web/fk-cp-zion/img/fa_62673a.png""/>",Bank Offer
MSI Katana GF66 Core i7 11th Gen - (16 GB/1 TB SSD/Wind...,https://rukminim1.flixcart.com/image/612/612/ku4ezrk0/computer/a/d/g/katana-gf66-11uc-628in-gaming-laptop-msi-original-imag7bqh9csb6n9t.jpeg?q=70,MSI,"15.6 inches, Black, 2.25 kg",4.4,323,75990,117990,35,"<img height=""21"" src=""//static-assets-web.flixcart.com/fk-p-linchpin-web/fk-cp-zion/img/fa_62673a.png""/>",Hot Deal
BUY SURETY New Arrival Gaming Touchscreen Conductive Fi...,https://rukminim1.flixcart.com/image/612/612/khqllzk0-0/gaming-accessory-kit/gaming-finger-gloves/i/l/i/new-arrival-gaming-touchscreen-conductive-fiber-cap-anti-sweat-original-imafxzqky6hafg6u.jpeg?q=70,BUY,"Black, For Android",3.8,1663,70,599,88,,Bank Offer
Lenovo IdeaPad Gaming Core i5 11th Gen - (8 GB/512 GB S...,https://rukminim1.flixcart.com/image/612/612/ks99aq80/computer/y/z/7/na-gaming-laptop-lenovo-original-imag5ve3jvhgvsnx.jpeg?q=70,Lenovo,"15.6 Inch, Shadow Black, 2.25 kg",4.2,176,49990,76890,34,"<img height=""21"" src=""//static-assets-web.flixcart.com/fk-p-linchpin-web/fk-cp-zion/img/fa_62673a.png""/>","No Cost EMI from ₹4,166/month"
Oxhox Gaming Trigger and Dual finger sleeve combo pack ...,https://rukminim1.flixcart.com/image/612/612/kt4ozgw0/gaming-accessory-kit/gaming-trigger-sleeve-cap-for-finger/h/c/9/gaming-trigger-and-dual-finger-sleeve-combo-pack-for-pubg-game-original-imag6jjpvmwfbemu.jpeg?q=70,Oxhox,"Silver, Black, For Android, iOS",3.5,306,112,699,83,,Bank Offer
ZEBRONICS ZEB-WAR  Gaming Accessory Kit,https://rukminim1.flixcart.com/image/612/612/kklhbbk0/gaming-accessory-kit/gaming-combo/n/a/l/zeb-war-zebronics-original-imafzwjztzxyhnkq.jpeg?q=70,ZEBRONICS,"Black, For PC",4.4,703,899,1799,50,"<img height=""21"" src=""//static-assets-web.flixcart.com/fk-p-linchpin-web/fk-cp-zion/img/fa_62673a.png""/>",Hot Deal
Oxhox Fire game Finger PubG Sleeve Trigger Game Control...,https://rukminim1.flixcart.com/image/612/612/l2z26q80/gaming-accessory-kit/mobile-gaming-trigger/n/s/y/fire-game-finger-pubg-sleeve-trigger-game-controller-oxhox-original-image6x5e7hu3a3d.jpeg?q=70,Oxhox,"Black, For Android",0,0,122,499,75,,Bank Offer
realme Mobile Game Finger Sleeves  Gaming Accessory Kit,https://rukminim1.flixcart.com/image/612/612/kmccosw0/gaming-accessory-kit/gaming-kit/q/h/z/mobile-game-finger-sleeves-realme-original-imagf9dnzgpxn8hd.jpeg?q=70,realme,"Mottled Black, For Android, iOS",4,11678,194,599,67,"<img height=""21"" src=""//static-assets-web.flixcart.com/fk-p-linchpin-web/fk-cp-zion/img/fa_62673a.png""/>",Bank Offer
Vero Forza Glide PRO (4 Piece) Thumb & Finger Sleeve fo...,https://rukminim1.flixcart.com/image/612/612/xif0q/gaming-accessory-kit/mobile-gaming-finger-sleeves/j/q/t/glide-pro-4-piece-thumb-finger-sleeve-for-mobile-game-pubg-cod-original-imagg9t8xrcchy9h.jpeg?q=70,Vero,"Multicolor, For Android, iOS",4.1,2106,299,800,62,,Bank Offer
ASUS TUF Gaming F15 Core i5 10th Gen - (8 GB/512 GB SSD...,https://rukminim1.flixcart.com/image/612/612/l3rmzrk0/computer/s/z/r/-original-imagetgzg4pgszmt.jpeg?q=70,ASUS,"15.6 inch, Black Plastic, 2.30 kg kg",4.5,201,52990,70990,25,"<img height=""21"" src=""//static-assets-web.flixcart.com/fk-p-linchpin-web/fk-cp-zion/img/fa_62673a.png""/>",Bank Offer
RPM Euro Games Finger Sleeves For Gaming Gaming Thumb F...,https://rukminim1.flixcart.com/image/612/612/kq8dua80/finger-sleeve/b/e/b/finger-sleeve-for-gaming-pubg-free-fire-mobile-anti-sweat-finger-original-imag4a8zz6xaqnmk.jpeg?q=70,RPM,"Black, For Android, iOS",4,493,199,980,79,"<img height=""21"" src=""//static-assets-web.flixcart.com/fk-p-linchpin-web/fk-cp-zion/img/fa_62673a.png""/>",Bank Offer
Filiz Combo pack of touch smoothly run finger sleeve ca...,https://rukminim1.flixcart.com/image/612/612/klv7ekw0/gaming-accessory-kit/gaming-controller-sleeve-cap-for-finger/f/n/l/combo-pack-of-touch-smoothly-run-finger-sleeve-cap-and-fastest-original-imagywjvazz4awhp.jpeg?q=70,Filiz,"Red&Black, For Android",3.7,2080,199,799,75,"<img height=""21"" src=""//static-assets-web.flixcart.com/fk-p-linchpin-web/fk-cp-zion/img/fa_62673a.png""/>",Bank Offer
ASUS TUF Gaming A17 with 90Whr Battery Ryzen 5 Hexa Cor...,https://rukminim1.flixcart.com/image/612/612/l3rmzrk0/computer/z/2/c/-original-imagetjyhhtrtkdg.jpeg?q=70,ASUS,"17.3 Inch, Graphite Black, 2.60 Kg",4.6,27,55990,71990,22,"<img height=""21"" src=""//static-assets-web.flixcart.com/fk-p-linchpin-web/fk-cp-zion/img/fa_62673a.png""/>",Bank Offer
Lenovo Ideapad Gaming 3 Ryzen 5 Hexa Core 5600H - (8 GB...,https://rukminim1.flixcart.com/image/612/612/kynb6vk0/computer/k/j/a/-original-imagaufne7h4hgbz.jpeg?q=70,Lenovo,"15.6 inch, Shadow Black, 2.25$$kg kg",4.4,196,53990,86690,37,"<img height=""21"" src=""//static-assets-web.flixcart.com/fk-p-linchpin-web/fk-cp-zion/img/fa_62673a.png""/>",Hot Deal
HP Pavilion Ryzen 5 Hexa Core 5600H - (8 GB/512 GB SSD/...,https://rukminim1.flixcart.com/image/612/612/kbqu4cw0/computer/q/x/r/hp-original-imaftyzachgrav8f.jpeg?q=70,HP,"15.6 inch, Shadow Black, 1.98 kg",4.5,7051,59990,74841,19,"<img height=""21"" src=""//static-assets-web.flixcart.com/fk-p-linchpin-web/fk-cp-zion/img/fa_62673a.png""/>",Bank Offer
Filiz Combo pack of Snesored D9 Triger Red & Black With...,https://rukminim1.flixcart.com/image/612/612/kl2mljk0/gaming-accessory-kit/performance-gaming-kit/1/f/a/combo-pack-of-snesored-d9-triger-red-black-with-highly-sensitive-original-imagy9ddvge2djjh.jpeg?q=70,Filiz,"Black, Red, For Android",3.7,1874,199,599,66,"<img height=""21"" src=""//static-assets-web.flixcart.com/fk-p-linchpin-web/fk-cp-zion/img/fa_62673a.png""/>",Bank Offer
ZEBRONICS ZEB-TRANSFORMER K4 Double injection backlit k...,https://rukminim1.flixcart.com/image/612/612/kyrlifk0/keyboard/gaming-keyboard/3/l/h/zeb-transformer-k4-double-injection-backlit-keycaps-control-knob-original-imagax93dw76zqyr.jpeg?q=70,ZEBRONICS,Black,4.5,287,1199,2199,45,"<img height=""21"" src=""//static-assets-web.flixcart.com/fk-p-linchpin-web/fk-cp-zion/img/fa_62673a.png""/>",Bank Offer
Oxhox Best Quality Gaming Trigger and finger sleeve com...,https://rukminim1.flixcart.com/image/612/612/kt8zb0w0/gaming-accessory-kit/gaming-trigger-sleeve-cap-for-finger/s/l/s/best-quality-gaming-trigger-and-finger-sleeve-combo-pack-for-original-imag6n74nmvpsbg5.jpeg?q=70,Oxhox,"Red/ / /White, Black, For Android, iOS",3.5,270,148,599,75,,Bank Offer
Wings GRIND105 Wired USB Gaming Keyboard,https://rukminim1.flixcart.com/image/612/612/l0cr4i80/keyboard/1/t/l/-original-imagc5m6mxzjrhwd.jpeg?q=70,Wings,Black,4.4,219,1099,1999,45,"<img height=""21"" src=""//static-assets-web.flixcart.com/fk-p-linchpin-web/fk-cp-zion/img/fa_62673a.png""/>",Bank Offer
Meetion MT-K9320 Wired USB Gaming Keyboard,https://rukminim1.flixcart.com/image/612/612/xif0q/keyboard/9/4/0/-original-imaggusn74raqx9z.jpeg?q=70,Meetion,Black,3.9,8,1078,2449,55,"<img height=""21"" src=""//static-assets-web.flixcart.com/fk-p-linchpin-web/fk-cp-zion/img/fa_62673a.png""/>",Bank Offer
Flipkart SmartBuy PK-29 LED Backlit with Mechanical Swi...,https://rukminim1.flixcart.com/image/612/612/ku79vgw0/keyboard/gaming-keyboard/1/c/z/pk-29-led-backlit-with-mechanical-switch-feeling-flipkart-original-imag7dvggbxzftjd.jpeg?q=70,Flipkart,Black,4.4,1190,999,1599,37,"<img height=""21"" src=""//static-assets-web.flixcart.com/fk-p-linchpin-web/fk-cp-zion/img/fa_62673a.png""/>",Bank Offer
HP Victus Core i5 11th Gen - (8 GB/512 GB SSD/Windows 1...,https://rukminim1.flixcart.com/image/612/612/xif0q/computer/d/h/o/-original-imagggyq3zzqggpz.jpeg?q=70,HP,"16.1 inch, Performance Blue, 2.48 Kg, With MS Office",4.4,75,67990,87716,22,"<img height=""21"" src=""//static-assets-web.flixcart.com/fk-p-linchpin-web/fk-cp-zion/img/fa_62673a.png""/>",Bank Offer
EDNITA Finger Sleeves For Pubg & All Gaming (Suitable F...,https://rukminim1.flixcart.com/image/612/612/l1xwqkw0/gaming-accessory-kit/gaming-finger-sleevs/i/z/9/finger-sleeves-for-pubg-all-gaming-suitable-for-all-smartphones-original-imagde548effguqr.jpeg?q=70,EDNITA,"Multicolor, For Android",3.6,21,204,599,65,"<img height=""21"" src=""//static-assets-web.flixcart.com/fk-p-linchpin-web/fk-cp-zion/img/fa_62673a.png""/>",Bank Offer
SpinBot Gaming Sleeves (4 Piece)  Gaming Accessory Kit,https://rukminim1.flixcart.com/image/612/612/xif0q/gaming-accessory-kit/gaming-sleeves-for-bgmi-pubg-cod-free-fire/c/j/l/gaming-sleeves-4-piece-spinbot-original-imaggkjfknychy4u.jpeg?q=70,SpinBot,"Black, For Android, iOS",4,931,279,699,60,"<img height=""21"" src=""//static-assets-web.flixcart.com/fk-p-linchpin-web/fk-cp-zion/img/fa_62673a.png""/>",Bank Offer
acer Aspire 7 Core i5 12th Gen - (8 GB/512 GB SSD/Windo...,https://rukminim1.flixcart.com/image/612/612/l4oi4cw0/computer/i/n/e/a715-5g-gaming-laptop-acer-original-imagfj2g954wfdyz.jpeg?q=70,acer,"15.6 inch, Charcoal Black, 2.1 Kg",4.4,81,54990,89999,38,"<img height=""21"" src=""//static-assets-web.flixcart.com/fk-p-linchpin-web/fk-cp-zion/img/fa_62673a.png""/>",
"SpinBot BattleMods NinjaX For BGMI,PUBG,COD Free Fire  ...",https://rukminim1.flixcart.com/image/612/612/kua4r680/gaming-accessory-kit/mobile-gaming-trigger/z/6/0/battlemods-ninjax-for-bgmi-pubg-cod-free-fire-spinbot-original-imag7gytshzbsccg.jpeg?q=70,SpinBot,"Black, For Android, iOS",4.3,530,699,999,30,"<img height=""21"" src=""//static-assets-web.flixcart.com/fk-p-linchpin-web/fk-cp-zion/img/fa_62673a.png""/>",Bank Offer
"Eunoia TRADERS Pubg Anti-Slip Thumb Sleeve, Slip-Proof ...",https://rukminim1.flixcart.com/image/612/612/krntoy80/finger-sleeve/g/u/a/vcq-68r-finger-sleeves-for-gaming-pubg-game-controller-gloves-original-imag5e4z2bhtj4ug.jpeg?q=70,Eunoia,"Black, For Android",3.9,29,80,499,83,,Bank Offer
RRHR SALES New Arrival Gaming Touchscreen Conductive Fi...,https://rukminim1.flixcart.com/image/612/612/kplisnk0/gaming-accessory-kit/gaming-finger-gloves/y/f/d/new-arrival-gaming-touchscreen-conductive-fiber-cap-anti-sweat-original-imag3t235n6nhbzx.jpeg?q=70,RRHR,"Black, For Android, iOS",3.8,99,80,399,79,,Bank Offer
MSI Core i5 11th Gen - (8 GB/512 GB SSD/Windows 10 Home...,https://rukminim1.flixcart.com/image/612/612/l2qhjm80/computer/l/t/g/gf63-thin-11uc-867in-gaming-laptop-msi-original-imageyk5hzuthuyf.jpeg?q=70,MSI,"15.6 Inch, Black, 1.86 Kg",4.7,6,56990,78990,27,"<img height=""21"" src=""//static-assets-web.flixcart.com/fk-p-linchpin-web/fk-cp-zion/img/fa_62673a.png""/>","No Cost EMI from ₹6,333/month"
SpinBot Thumb & Finger Sleeves 3 Pair(6 Pieces)For Mobi...,https://rukminim1.flixcart.com/image/612/612/xif0q/gaming-accessory-kit/mobile-gaming-finger-sleeves/d/k/z/thumb-finger-sleeves-3-pair-6-pieces-for-mobile-gaming-pubg-bgmi-original-imaggkj4m2cvx2m8.jpeg?q=70,SpinBot,"Black, Green, For iOS, Android",4.3,44,349,999,65,"<img height=""21"" src=""//static-assets-web.flixcart.com/fk-p-linchpin-web/fk-cp-zion/img/fa_62673a.png""/>",Bank Offer
"MJ Hub PUBG_GAMING_SLEEVE, Touchscreen, Anti-Sweat, Two...",https://rukminim1.flixcart.com/image/612/612/kqb8pzk0/gaming-accessory-kit/gaming-finger-gloves/w/b/z/pubg-gaming-sleeve-touchscreen-anti-sweat-two-finger-gloves-original-imag4df2eafcdmsm.jpeg?q=70,MJ,"Black, For Android, iOS",4,356,60,399,84,,Bank Offer
ZEBRONICS ZEB-TRANSFORMER-K Wired USB Gaming Keyboard,https://rukminim1.flixcart.com/image/612/612/khuvxjk0/keyboard/gaming-keyboard/a/z/k/zebronics-zeb-transformer-k-original-imafxs3cqnqesm8j.jpeg?q=70,ZEBRONICS,Black,4.4,2640,899,1549,41,"<img height=""21"" src=""//static-assets-web.flixcart.com/fk-p-linchpin-web/fk-cp-zion/img/fa_62673a.png""/>",Hot Deal
RAJ Controller Finger Cots (Pack of 8) - Black-Yellow  ...,https://rukminim1.flixcart.com/image/612/612/kixgtjk0-0/gaming-accessory-kit/gaming-kit/i/p/k/controller-finger-cots-pack-of-8-black-yellow-raj-original-imafymyngp8nex6w.jpeg?q=70,RAJ,"Black, Yellow, For PS4",4.1,201,168,644,73,,Bank Offer
PORTLIX Finger Sleeve For PUBG/FREE FIRE/CALL OF DUTY a...,https://rukminim1.flixcart.com/image/612/612/ktd9mkw0/finger-sleeve/d/t/d/sleeve-free-fire-call-of-duty-pubg-mobile-game-finger-sleeve-08-original-imag6pj7dgkanh63.jpeg?q=70,PORTLIX,"Black&Blue, For Android, iOS",4.1,1504,183,210,12,"<img height=""21"" src=""//static-assets-web.flixcart.com/fk-p-linchpin-web/fk-cp-zion/img/fa_62673a.png""/>",Bank Offer
acer Aspire 7 Core i5 10th Gen - (8 GB/512 GB SSD/Windo...,https://rukminim1.flixcart.com/image/612/612/kp1imq80/computer/u/b/z/na-gaming-laptop-acer-original-imag3d63hk3h8nm2.jpeg?q=70,acer,"15.6 inch, Black, 2.15 Kg",4.4,12605,52990,89999,41,"<img height=""21"" src=""//static-assets-web.flixcart.com/fk-p-linchpin-web/fk-cp-zion/img/fa_62673a.png""/>","No Cost EMI from ₹5,888/month"
Redgear Shadow Blade Wired USB Gaming Keyboard,https://rukminim1.flixcart.com/image/612/612/l30hmkw0/keyboard/t/n/8/-original-image8f8cz3vhbvc.jpeg?q=70,Redgear,Black,4.6,332,2299,3999,42,"<img height=""21"" src=""//static-assets-web.flixcart.com/fk-p-linchpin-web/fk-cp-zion/img/fa_62673a.png""/>",Bank Offer
M MOD CON One Pair Anti-Sweat & Breathable Sleeve PUBG ...,https://rukminim1.flixcart.com/image/612/612/kzllrbk0/gaming-accessory-kit/gaming-gloves/z/o/a/one-pair-anti-sweat-breathable-sleeve-pubg-free-fire-gaming-original-imagbkk55awgdcxr.jpeg?q=70,M,"Black, For Android, iOS",3.7,36,149,399,62,"<img height=""21"" src=""//static-assets-web.flixcart.com/fk-p-linchpin-web/fk-cp-zion/img/fa_62673a.png""/>",Bank Offer
STC Pubg Sleeve  Gaming Accessory Kit,https://rukminim1.flixcart.com/image/612/612/kqqykcw0/finger-sleeve/6/p/k/pubg-finger-sleeve-8-mobwill-original-imag4zy37c2usqbb.jpeg?q=70,STC,"Multy Colour, For Android",4.1,8,197,999,80,"<img height=""21"" src=""//static-assets-web.flixcart.com/fk-p-linchpin-web/fk-cp-zion/img/fa_62673a.png""/>",Bank Offer
"Smily Finger Gloves, Sleeves and Cover For All Gaming F...",https://rukminim1.flixcart.com/image/612/612/kw104nk0/finger-sleeve/k/6/y/universal-size-mobile-gaming-pubg-finger-sleeves-for-free-fire-original-imag8szyxfhhqxa3.jpeg?q=70,Smily,"Black, For Android, iOS",4.5,24,150,999,84,"<img height=""21"" src=""//static-assets-web.flixcart.com/fk-p-linchpin-web/fk-cp-zion/img/fa_62673a.png""/>",Bank Offer
RPM Euro Games Finger Sleeve For Gaming Pubg Mobile Gam...,https://rukminim1.flixcart.com/image/612/612/kq8dua80/gaming-accessory-kit/performance-gaming-kit/r/f/y/finger-sleeve-for-gaming-pubg-mobile-gaming-thumb-finger-pack-of-original-imag4a8ys84t9ycj.jpeg?q=70,RPM,"Black, For Android, iOS",4,1579,249,1497,83,"<img height=""21"" src=""//static-assets-web.flixcart.com/fk-p-linchpin-web/fk-cp-zion/img/fa_62673a.png""/>",Bank Offer
"Huayue ™ Pubg Anti-Slip Thumb Sleeve, Slip-Proof Sweat-...",https://rukminim1.flixcart.com/image/612/612/kj61gnk0-0/finger-sleeve/g/r/z/gaming-finger-sleeves-0002-sai-entreprises-original-imafysvq4vbz8tnd.jpeg?q=70,Huayue,"Multicolor, For Android, iOS",4.1,483,148,299,50,"<img height=""21"" src=""//static-assets-web.flixcart.com/fk-p-linchpin-web/fk-cp-zion/img/fa_62673a.png""/>",Bank Offer
"AMKETTE EvoFox Warhammer Floating Keycaps, 19 Anti Ghos...",https://rukminim1.flixcart.com/image/612/612/l2dmky80/keyboard/gaming-keyboard/o/o/p/evofox-warhammer-floating-keycaps-19-anti-ghosting-keys-and-original-imagdqmnch95pduy.jpeg?q=70,AMKETTE,Black,4.4,289,898,1499,40,"<img height=""21"" src=""//static-assets-web.flixcart.com/fk-p-linchpin-web/fk-cp-zion/img/fa_62673a.png""/>",Hot Deal
HRRH Shark Trigger Gamepad  Gaming Accessory Kit,https://rukminim1.flixcart.com/image/612/612/krgohow0/gaming-accessory-kit/gaming-trigger/p/5/p/shark-trigger-gamepad-hrrh-original-imag594fhgbqxva3.jpeg?q=70,HRRH,"Blue, For Android",3.5,104,209,499,58,"<img height=""21"" src=""//static-assets-web.flixcart.com/fk-p-linchpin-web/fk-cp-zion/img/fa_62673a.png""/>",Bank Offer
ASUS ROG Zephyrus G15 Ryzen 9 Octa Core 5900HS - (16 GB...,https://rukminim1.flixcart.com/image/612/612/l3vxbbk0/computer/o/p/u/-original-imagewgtsz7qqdjh.jpeg?q=70,ASUS,"15.6 inches, Moonlight White, 1.90 kg, With MS Office",4.2,84,129990,189990,31,"<img height=""21"" src=""//static-assets-web.flixcart.com/fk-p-linchpin-web/fk-cp-zion/img/fa_62673a.png""/>",Hot Deal
ASUS TUF Gaming F15 Core i5 10th Gen - (8 GB/512 GB SSD...,https://rukminim1.flixcart.com/image/612/612/kz4gh3k0/computer/n/e/x/fx506lh-hn258ws-gaming-laptop-asus-original-imagb7hfzhmv6v9y.jpeg?q=70,ASUS,"15.6 inch, Black Plastic, 2.30 Kg",4.5,4569,54990,74990,26,"<img height=""21"" src=""//static-assets-web.flixcart.com/fk-p-linchpin-web/fk-cp-zion/img/fa_62673a.png""/>",Hot Deal
DELL Ryzen 5 Hexa Core 5600H - (16 GB/512 GB SSD/Window...,https://rukminim1.flixcart.com/image/612/612/l0zm64w0/computer/e/g/8/g15-5515-gaming-laptop-dell-original-imagcnty69nhzy58.jpeg?q=70,DELL,"15.6 inch, Grey, 2.57 kg, With MS Office",4.5,69,73990,102522,27,"<img height=""21"" src=""//static-assets-web.flixcart.com/fk-p-linchpin-web/fk-cp-zion/img/fa_62673a.png""/>",Bank Offer
Filiz combo pack of Snesored D9 Triger Red & Black With...,https://rukminim1.flixcart.com/image/612/612/kl2mljk0/gaming-accessory-kit/performance-gaming-kit/f/9/m/combo-pack-of-snesored-d9-triger-red-black-with-highly-sensitive-original-imagy9ddw2hbfegh.jpeg?q=70,Filiz,"Red, Transparent, For Android",3.7,1874,199,599,66,"<img height=""21"" src=""//static-assets-web.flixcart.com/fk-p-linchpin-web/fk-cp-zion/img/fa_62673a.png""/>",Bank Offer
Lenovo IdeaPad Gaming 3 Core i5 10th Gen - (8 GB/512 GB...,https://rukminim1.flixcart.com/image/612/612/kp2y2kw0/computer/3/q/k/lenovo-original-imag3eht25nykhjn.jpeg?q=70,Lenovo,"15.6 inch, Onyx Black, 2.2 kg",4.3,602,49990,85290,41,"<img height=""21"" src=""//static-assets-web.flixcart.com/fk-p-linchpin-web/fk-cp-zion/img/fa_62673a.png""/>",Hot Deal
"RRHR SALES Pubg Anti-Slip Thumb Sleeve, Slip-Proof Swea...",https://rukminim1.flixcart.com/image/612/612/kwjkuq80/gaming-accessory-kit/gaming-controller-sleeve-cap-for-finger/o/e/m/pubg-anti-slip-thumb-sleeve-slip-proof-sweat-proof-professional-original-imag976e9keetdtz.jpeg?q=70,RRHR,"Black, For Android, iOS",4,10272,179,899,80,"<img height=""21"" src=""//static-assets-web.flixcart.com/fk-p-linchpin-web/fk-cp-zion/img/fa_62673a.png""/>",Bank Offer
NEFI Pubg & Free Fire Call of Duty Anti-Slip Thumb Slee...,https://rukminim1.flixcart.com/image/612/612/kkvhea80/finger-sleeve/c/l/h/gaming-finger-sleeve-touch-screen-thumbs-sleeve-non-scratch-original-imagy495ak9w9zyz.jpeg?q=70,NEFI,"Black, For Android, iOS",3.8,1343,139,499,72,"<img height=""21"" src=""//static-assets-web.flixcart.com/fk-p-linchpin-web/fk-cp-zion/img/fa_62673a.png""/>",Bank Offer
menaso 1Pair Breathable Mobile Finger Sleeve Press Trig...,https://rukminim1.flixcart.com/image/612/612/kt39jm80/gaming-accessory-kit/gaming-trigger/2/s/y/1pair-breathable-mobile-finger-sleeve-press-trigger-game-original-imag6g5hhuq6upgh.jpeg?q=70,menaso,"Red, Black, For Android, iOS",3.8,454,189,699,72,"<img height=""21"" src=""//static-assets-web.flixcart.com/fk-p-linchpin-web/fk-cp-zion/img/fa_62673a.png""/>",Lowest Price in 15 days
Lenovo Ideapad Gaming 3 Core i5 11th Gen - (8 GB/1 TB H...,https://rukminim1.flixcart.com/image/612/612/kynb6vk0/computer/k/j/a/-original-imagaufne7h4hgbz.jpeg?q=70,Lenovo,"15.6 inch, Shadow Black, 2.25 kg, With MS Office",0,0,63990,79739,19,"<img height=""21"" src=""//static-assets-web.flixcart.com/fk-p-linchpin-web/fk-cp-zion/img/fa_62673a.png""/>",Hot Deal
Lenovo Ideapad Gaming 3 Ryzen 7 Octa Core 5800H - (16 G...,https://rukminim1.flixcart.com/image/612/612/kwb07m80/computer/a/n/x/15ach6-gaming-laptop-lenovo-original-imag9yzy7fxebem3.jpeg?q=70,Lenovo,"15.6 inch, Shadow Black, 2.25 kg",5,3,69990,112990,38,"<img height=""21"" src=""//static-assets-web.flixcart.com/fk-p-linchpin-web/fk-cp-zion/img/fa_62673a.png""/>",Hot Deal
Lenovo Legion 5 Ryzen 7 Octa Core 5800H - (16 GB/2 TB S...,https://rukminim1.flixcart.com/image/612/612/kt39jm80/computer/f/0/s/na-gaming-laptop-lenovo-original-imag6ggmwjmgqhqn.jpeg?q=70,Lenovo,"15.6 inch, Phantom Blue, Shadow Black, 2.4 kg, With MS Office",4.8,4,119990,181890,34,"<img height=""21"" src=""//static-assets-web.flixcart.com/fk-p-linchpin-web/fk-cp-zion/img/fa_62673a.png""/>","No Cost EMI from ₹10,000/month"
Logitech G213 Wired USB Gaming Keyboard,https://rukminim1.flixcart.com/image/612/612/kt4ozgw0/keyboard/gaming-keyboard/i/m/1/g213-logitech-original-imag6jj4cp44krfn.jpeg?q=70,Logitech,Black,4.6,499,3890,4995,22,"<img height=""21"" src=""//static-assets-web.flixcart.com/fk-p-linchpin-web/fk-cp-zion/img/fa_62673a.png""/>",Bank Offer
"TEWENT Pubg Anti-Slip Thumb Sleeve, Slip-Proof Sweat-Pr...",https://rukminim1.flixcart.com/image/612/612/kpbipow0/finger-sleeve/r/w/5/thumb-finger-sleeve-for-pubg-mobile-game-6-pairs-black-yellow-original-imag3h3antjnbtsw.jpeg?q=70,TEWENT,"Black, For Android, iOS",3.9,205,143,599,76,"<img height=""21"" src=""//static-assets-web.flixcart.com/fk-p-linchpin-web/fk-cp-zion/img/fa_62673a.png""/>",Bank Offer
RPM Euro Games PUBG Trigger Mobile Game Controller  Gam...,https://rukminim1.flixcart.com/image/612/612/k15bjww0/gaming-accessory-kit/performance-gaming-kit/g/s/8/rpm-euro-games-game-controller-original-imafks6y2ee2tg2g.jpeg?q=70,RPM,"Blue, For Android, iOS",3.9,3897,239,890,73,"<img height=""21"" src=""//static-assets-web.flixcart.com/fk-p-linchpin-web/fk-cp-zion/img/fa_62673a.png""/>",Bank Offer
Lenovo Ideapad Gaming 3 Core i5 11th Gen - (16 GB/1 TB ...,https://rukminim1.flixcart.com/image/612/612/kynb6vk0/computer/k/j/a/-original-imagaufne7h4hgbz.jpeg?q=70,Lenovo,"15.6 inch, Shadow Black, 2.25 kg, With MS Office",5,4,67990,84139,19,"<img height=""21"" src=""//static-assets-web.flixcart.com/fk-p-linchpin-web/fk-cp-zion/img/fa_62673a.png""/>","No Cost EMI from ₹5,666/month"
acer Aspire 7 Ryzen 5 Hexa Core 5500U - (8 GB/512 GB SS...,https://rukminim1.flixcart.com/image/612/612/klcmoi80/computer/q/e/3/na-gaming-laptop-acer-original-imagyhwfgwhkf3vv.jpeg?q=70,acer,"15.6 inch, Black, 2.15 kg",4.5,3692,52990,89999,41,"<img height=""21"" src=""//static-assets-web.flixcart.com/fk-p-linchpin-web/fk-cp-zion/img/fa_62673a.png""/>","No Cost EMI from ₹5,888/month"
Lenovo IdeaPad Gaming 3i Core i7 11th Gen - (8 GB/512 G...,https://rukminim1.flixcart.com/image/612/612/ks99aq80/computer/y/z/7/na-gaming-laptop-lenovo-original-imag5ve3jvhgvsnx.jpeg?q=70,Lenovo,"15.6 inch, Shadow Black, 2.25 kg",3.7,10,69990,118890,41,"<img height=""21"" src=""//static-assets-web.flixcart.com/fk-p-linchpin-web/fk-cp-zion/img/fa_62673a.png""/>","No Cost EMI from ₹5,833/month"
Lenovo Ideapad Gaming 3 Ryzen 5 Hexa Core 5600H - (16 G...,https://rukminim1.flixcart.com/image/612/612/kynb6vk0/computer/k/j/a/-original-imagaufne7h4hgbz.jpeg?q=70,Lenovo,"15.6 inch, Shadow Black, 2.25 kg, With MS Office",0,0,69900,85789,18,"<img height=""21"" src=""//static-assets-web.flixcart.com/fk-p-linchpin-web/fk-cp-zion/img/fa_62673a.png""/>","No Cost EMI from ₹5,825/month"
WHISTLE9 Game Pad Trigger PUBG / FREE FIRE / CALL OF DU...,https://rukminim1.flixcart.com/image/612/612/kuzuoi80/gamepad/game-controller/z/z/k/new-mobile-game-controller-for-all-types-shooting-games-casa-original-imag7zy2xhubneka.jpeg?q=70,WHISTLE9,"Black, For iOS, Android",3.4,68,337,800,57,,Bank Offer
Cosmic Byte CB-GK-02 RGB Coron Keyboard Wired USB Gamin...,https://rukminim1.flixcart.com/image/612/612/km2clu80/keyboard/gaming-keyboard/0/m/2/cb-gk-02-rgb-coron-keyboard-cosmic-byte-original-imagff3ufysycxyh.jpeg?q=70,Cosmic,Black,4.4,601,1398,1699,17,"<img height=""21"" src=""//static-assets-web.flixcart.com/fk-p-linchpin-web/fk-cp-zion/img/fa_62673a.png""/>",Bank Offer
PORTLIX HIGH QUALITY FINGER GLOVES Mobile Game Controll...,https://rukminim1.flixcart.com/image/612/612/knknc7k0/gaming-accessory-kit/gaming-kit/b/s/k/high-quality-finger-gloves-mobile-game-controller-finger-sleeve-original-imag28eshhjrydzh.jpeg?q=70,PORTLIX,"Black, For Android, iOS",3.7,180,99,0,0,,Bank Offer
ASUS ROG Strix G15 Ryzen 9 Octa Core 5900HX - (16 GB/51...,https://rukminim1.flixcart.com/image/612/612/l3vxbbk0/computer/g/u/y/-original-imagewgtfgzf8fdd.jpeg?q=70,ASUS,"15.6 inch, Eclipse Gray, 2.10 kg",4.5,53,93990,136990,31,"<img height=""21"" src=""//static-assets-web.flixcart.com/fk-p-linchpin-web/fk-cp-zion/img/fa_62673a.png""/>",Hot Deal
ASUS TUF Gaming F15 Core i5 10th Gen - (8 GB/512 GB SSD...,https://rukminim1.flixcart.com/image/612/612/l3rmzrk0/computer/s/z/r/-original-imagetgzg4pgszmt.jpeg?q=70,ASUS,"15.6 Inch, Black Plastic, 2.30 Kg, With MS Office",4.4,292,56990,77990,26,"<img height=""21"" src=""//static-assets-web.flixcart.com/fk-p-linchpin-web/fk-cp-zion/img/fa_62673a.png""/>",Hot Deal
acer Predator Helios 300 Core i7 11th Gen - (16 GB/1 TB...,https://rukminim1.flixcart.com/image/612/612/ks7tuvk0/computer/i/e/z/predator-helios-300-gaming-laptop-acer-original-imag5txxsjgxh47z.jpeg?q=70,acer,"15.6 inch, Abyssal Black, 2.3 kg",4.5,316,100200,149999,33,"<img height=""21"" src=""//static-assets-web.flixcart.com/fk-p-linchpin-web/fk-cp-zion/img/fa_62673a.png""/>","No Cost EMI from ₹11,134/month"
Filiz Professional Gaming Console Gun Trigger with thum...,https://rukminim1.flixcart.com/image/612/612/kziqvm80/gaming-accessory-kit/performance-gaming-kit/o/x/2/professional-gaming-console-gun-trigger-with-thumb-sleeve-for-original-imagbhshjgnvkmzs.jpeg?q=70,Filiz,"Blue, Black, For Android",3.8,36,249,799,68,"<img height=""21"" src=""//static-assets-web.flixcart.com/fk-p-linchpin-web/fk-cp-zion/img/fa_62673a.png""/>",Bank Offer
AMKETTE EvoFox Fireblade LED Backlit Wired USB Gaming K...,https://rukminim1.flixcart.com/image/612/612/l1nwnm80/keyboard/gaming-keyboard/u/g/x/evofox-fireblade-led-backlit-amkette-original-imagd693ghwvuphr.jpeg?q=70,AMKETTE,Black,4.3,3331,999,1299,23,"<img height=""21"" src=""//static-assets-web.flixcart.com/fk-p-linchpin-web/fk-cp-zion/img/fa_62673a.png""/>",Bank Offer
acer Nitro 5 Core i5 11th Gen - (8 GB/512 GB SSD/Window...,https://rukminim1.flixcart.com/image/612/612/kwb07m80/computer/8/b/7/an515-57-gaming-laptop-acer-original-imag9yek7qv67nan.jpeg?q=70,acer,"15.6 inch, Shale Black, 2.2 kg",4.3,6,62990,99990,37,,Bank Offer
Redgear Shadow Amulet Wired USB Gaming Keyboard,https://rukminim1.flixcart.com/image/612/612/knyxqq80/keyboard/gaming-keyboard/8/j/i/shadow-amulet-redgear-original-imag2gvgqansg9jc.jpeg?q=70,Redgear,Black,4.3,166,1599,2999,46,"<img height=""21"" src=""//static-assets-web.flixcart.com/fk-p-linchpin-web/fk-cp-zion/img/fa_62673a.png""/>",Bank Offer
HP Pavilion Ryzen 5 Hexa Core 5600H - (8 GB/512 GB SSD/...,https://rukminim1.flixcart.com/image/612/612/kulk9zk0/computer/f/t/w/15-ec2075ax-gaming-laptop-hp-original-imag7nyzhxqc7xhh.jpeg?q=70,HP,"15.6 Inch, Shadow Black, 1.98 Kg, With MS Office",4.7,18,56990,73544,22,"<img height=""21"" src=""//static-assets-web.flixcart.com/fk-p-linchpin-web/fk-cp-zion/img/fa_62673a.png""/>",Bank Offer
VEROX Pubg Finger Sleeves for Gaming  Gaming Accessory ...,https://rukminim1.flixcart.com/image/612/612/ke353m80/finger-sleeve/t/d/y/pubg-finger-sleeve-set-of-4-sweatproof-anti-slip-pubg-gaming-original-imafuugdmng2kqwk.jpeg?q=70,VEROX,"Black, For Android",3.8,211,134,499,73,"<img height=""21"" src=""//static-assets-web.flixcart.com/fk-p-linchpin-web/fk-cp-zion/img/fa_62673a.png""/>",Bank Offer
HP Ryzen 3 Hexa Core 4th Gen - (8 GB/512 GB SSD/Windows...,https://rukminim1.flixcart.com/image/612/612/ktuewsw0/computer/8/o/x/ryzen-3-gaming-laptop-hp-original-imag73axjf4s7zhg.jpeg?q=70,HP,"15.6 inch, Shadow Black, With MS Office",0,0,59890,68360,12,"<img height=""21"" src=""//static-assets-web.flixcart.com/fk-p-linchpin-web/fk-cp-zion/img/fa_62673a.png""/>",Bank Offer
ASUS ROG Strix G15 Ryzen 7 Octa Core 4800H - (8 GB/512 ...,https://rukminim1.flixcart.com/image/612/612/l3vxbbk0/computer/g/u/y/-original-imagewgtfgzf8fdd.jpeg?q=70,ASUS,"15.6 Inch, Eclipse Gray, 2.10 Kg",4.6,810,79990,107990,25,"<img height=""21"" src=""//static-assets-web.flixcart.com/fk-p-linchpin-web/fk-cp-zion/img/fa_62673a.png""/>",Bank Offer
DELL Ryzen 5 Hexa Core 5600H - (8 GB/512 GB SSD/Windows...,https://rukminim1.flixcart.com/image/612/612/l0zm64w0/computer/e/g/8/g15-5515-gaming-laptop-dell-original-imagcnty69nhzy58.jpeg?q=70,DELL,"15.6 inch, Grey, 2.57 kg, With MS Office",4.6,77,69990,95999,27,"<img height=""21"" src=""//static-assets-web.flixcart.com/fk-p-linchpin-web/fk-cp-zion/img/fa_62673a.png""/>",Bank Offer
Lenovo IdeaPad Gaming 3 Core i5 11th Gen - (8 GB/512 GB...,https://rukminim1.flixcart.com/image/612/612/ks99aq80/computer/y/z/7/na-gaming-laptop-lenovo-original-imag5ve3jvhgvsnx.jpeg?q=70,Lenovo,"15.6 inch, Shadow Black, 2.25 kg, With MS Office",0,0,62990,111890,43,"<img height=""21"" src=""//static-assets-web.flixcart.com/fk-p-linchpin-web/fk-cp-zion/img/fa_62673a.png""/>","No Cost EMI from ₹5,250/month"
SpinBot IceDot Wireless Semi-Conductor Mobile Cooling F...,https://rukminim1.flixcart.com/image/612/612/l55nekw0/gaming-accessory-kit/mobile-cooler-for-mobile-gaming/t/e/f/icedot-wireless-semi-conductor-mobile-cooling-fan-1-5-hours-original-imagfwyzhgxjrh3z.jpeg?q=70,SpinBot,"Black, For Android, iOS",4.5,16,1699,2499,32,"<img height=""21"" src=""//static-assets-web.flixcart.com/fk-p-linchpin-web/fk-cp-zion/img/fa_62673a.png""/>",Bank Offer
ASUS TUF Gaming F15 Core i5 10th Gen - (8 GB/1 TB SSD/W...,https://rukminim1.flixcart.com/image/612/612/l1nwnm80/computer/m/h/h/tuf-gaming-f15-gaming-laptop-asus-original-imagd6kgybdsdmst.jpeg?q=70,ASUS,"15.6 inch, Black, 2.30 kg",4.3,18,60990,80990,24,,Bank Offer
ASUS ROG Flow X13 (2021) Ryzen 9 Octa Core 5900HS - (16...,https://rukminim1.flixcart.com/image/612/612/koixwnk0/computer/b/i/z/na-gaming-laptop-asus-original-imag2ygghykjhv95.jpeg?q=70,ASUS,"13.4 Inch, Off Black, 1.3 KG, With MS Office",4.5,53,102990,175990,41,"<img height=""21"" src=""//static-assets-web.flixcart.com/fk-p-linchpin-web/fk-cp-zion/img/fa_62673a.png""/>",Hot Deal
DELL Core i5 11th Gen - (16 GB/512 GB SSD/Windows 11 Ho...,https://rukminim1.flixcart.com/image/612/612/l59xq4w0/computer/h/u/z/-original-imagfzmncb5nfzhw.jpeg?q=70,DELL,"15.6 inch, Dark Shadow Grey, 2.65 kg, With MS Office",3.9,17,73490,96000,23,"<img height=""21"" src=""//static-assets-web.flixcart.com/fk-p-linchpin-web/fk-cp-zion/img/fa_62673a.png""/>",Bank Offer
MSI GP66 Leopard Core i7 11th Gen - (16 GB/1 TB SSD/Win...,https://rukminim1.flixcart.com/image/612/612/l2qhjm80/computer/b/p/8/gp66-leopard-11ug-gaming-laptop-msi-original-imageynxarsxgnh3.jpeg?q=70,MSI,"15.6 inch, Black, 2.38 kg",4.9,9,129990,173990,25,"<img height=""21"" src=""//static-assets-web.flixcart.com/fk-p-linchpin-web/fk-cp-zion/img/fa_62673a.png""/>","No Cost EMI from ₹14,444/month"
"Cosmic Byte CB-GK-05 Titan with Aluminum Body, Rainbow ...",https://rukminim1.flixcart.com/image/612/612/km3s1ow0/keyboard/gaming-keyboard/k/p/d/cb-gk-05-titan-with-aluminum-body-rainbow-backlit-keycaps-original-imafc9eys6k4pt6a.jpeg?q=70,Cosmic,Black,4.4,2029,1199,1349,11,"<img height=""21"" src=""//static-assets-web.flixcart.com/fk-p-linchpin-web/fk-cp-zion/img/fa_62673a.png""/>",Bank Offer
"Prifakt Pubg Anti-Slip Thumb Sleeve, Slip-Proof Sweat-P...",https://rukminim1.flixcart.com/image/612/612/kph8h3k0/finger-sleeve/z/m/u/finger-sleeves-gaming-sweat-proof-touch-screen-thumbs-for-pubg-original-imag3pqrvxazmspv.jpeg?q=70,Prifakt,"Black, Yellow, For Android, iOS",4.2,32,122,349,65,"<img height=""21"" src=""//static-assets-web.flixcart.com/fk-p-linchpin-web/fk-cp-zion/img/fa_62673a.png""/>",Bank Offer
AKM DBLACK8692  Gaming Accessory Kit,https://rukminim1.flixcart.com/image/612/612/kohigsw0/gaming-accessory-kit/gaming-kit-accessory/n/v/r/akmidblack8692-akm-original-imag2xekf75bdxam.jpeg?q=70,AKM,"Black, For Android, iOS",3.5,53,109,799,86,"<img height=""21"" src=""//static-assets-web.flixcart.com/fk-p-linchpin-web/fk-cp-zion/img/fa_62673a.png""/>",Bank Offer
HyperX Alloy Core RGB (HX-KB5ME2-US) Membrane Wired USB...,https://rukminim1.flixcart.com/image/612/612/jpsnma80/keyboard/gaming-keyboard/n/5/j/hyperx-hx-kb5me2-us-original-imafbybs6z58r4dr.jpeg?q=70,HyperX,Black,4.6,252,4499,6290,28,"<img height=""21"" src=""//static-assets-web.flixcart.com/fk-p-linchpin-web/fk-cp-zion/img/fa_62673a.png""/>",Hot Deal
Cosmic Byte CB-GK-22 Veritas TKL RGB Sonic Spectrum Wir...,https://rukminim1.flixcart.com/image/612/612/kv5kfww0/keyboard/gaming-keyboard/l/u/r/cb-gk-22-veritas-tkl-rgb-sonic-spectrum-cosmicbyte-original-imag84y3zqvabfqp.jpeg?q=70,Cosmic,Black,4.4,14,1595,1599,0,"<img height=""21"" src=""//static-assets-web.flixcart.com/fk-p-linchpin-web/fk-cp-zion/img/fa_62673a.png""/>",Bank Offer
Lieven finger sleeve cap for sweat breathable full touc...,https://rukminim1.flixcart.com/image/612/612/kc3p30w0/gaming-accessory-kit/gaming-controller-sleeve-cap-for-finger/y/h/9/lieven-finger-sleeve-cap-for-sweat-breathable-full-touch-screen-original-imaftaaqxw56zdg8.jpeg?q=70,Lieven,"Tranparent, For Android",3.7,1926,139,500,72,"<img height=""21"" src=""//static-assets-web.flixcart.com/fk-p-linchpin-web/fk-cp-zion/img/fa_62673a.png""/>",Bank Offer
rich hood HIGH QUALITY FINGER GLOVES Mobile Game Contro...,https://rukminim1.flixcart.com/image/612/612/kdj4xow0/gaming-accessory-kit/gaming-kit/x/r/e/rich-hood-high-quality-finger-gloves-mobile-game-controller-original-imafuf7npn4hehgs.jpeg?q=70,rich,"Black, For Android, iOS",3.8,218,155,199,22,"<img height=""21"" src=""//static-assets-web.flixcart.com/fk-p-linchpin-web/fk-cp-zion/img/fa_62673a.png""/>",Bank Offer
"FKU RGB GAMING KEYBOARD, TWOLF RGB 3200DPI WIRED GAMING...",https://rukminim1.flixcart.com/image/612/612/l2f20sw0/keyboard/gaming-keyboard/o/p/4/rgb-gaming-keyboard-twolf-rgb-3200dpi-wired-gaming-mouse-original-imagdrgrhhdapcxh.jpeg?q=70,FKU,Black,4.7,6,1899,3999,52,"<img height=""21"" src=""//static-assets-web.flixcart.com/fk-p-linchpin-web/fk-cp-zion/img/fa_62673a.png""/>",Bank Offer
ASUS TUF Gaming F15 Core i5 10th Gen - (8 GB/512 GB SSD...,https://rukminim1.flixcart.com/image/612/612/l3rmzrk0/computer/s/z/r/-original-imagetgzg4pgszmt.jpeg?q=70,ASUS,"15.6 Inch, Black Plastic, 2.3 KG",4.5,4569,57990,81990,29,"<img height=""21"" src=""//static-assets-web.flixcart.com/fk-p-linchpin-web/fk-cp-zion/img/fa_62673a.png""/>",Bank Offer
LUTENET Original Gaming Sleeve For Gaming Free Fire ( 4...,https://rukminim1.flixcart.com/image/612/612/xif0q/gaming-accessory-kit/mobile-finger-gaming-sleeve/j/p/t/original-gaming-sleeve-for-gaming-free-fire-4-pairs-finger-original-imaggvwx8ykfcr4b.jpeg?q=70,LUTENET,"Black, For Android, iOS",0,0,127,349,63,,Bank Offer
MSI GF65 Thin Core i7 10th Gen - (16 GB/1 TB SSD/Window...,https://rukminim1.flixcart.com/image/612/612/ktszgy80/computer/a/4/a/gf65-thin-10ue-410in-gaming-laptop-msi-original-imag72h6wn7ktgzy.jpeg?q=70,MSI,"15.6 inch, Black, 1.86 kg",4.4,840,89990,123990,27,"<img height=""21"" src=""//static-assets-web.flixcart.com/fk-p-linchpin-web/fk-cp-zion/img/fa_62673a.png""/>",Bank Offer
ASUS TUF Gaming A15 Ryzen 9 Octa Core 5900HX - (16 GB/5...,https://rukminim1.flixcart.com/image/612/612/l572ufk0/computer/7/r/j/fa506qm-hn124w-gaming-laptop-asus-original-imagfxjyz2xdyd9f.jpeg?q=70,ASUS,"15.6 inch, Graphite Black, 2.30 kg",0,0,98990,119990,17,"<img height=""21"" src=""//static-assets-web.flixcart.com/fk-p-linchpin-web/fk-cp-zion/img/fa_62673a.png""/>",Bank Offer
ASUS Vivobook Gaming Core i7 10th Gen - (16 GB/1 TB HDD...,https://rukminim1.flixcart.com/image/612/612/ku4ezrk0/computer/r/q/1/f571lh-bq436t-gaming-laptop-asus-original-imag7bhetvcb3fky.jpeg?q=70,ASUS,"15.6 inch, Star Black, 2.14 kg",4.3,97,68990,97990,29,"<img height=""21"" src=""//static-assets-web.flixcart.com/fk-p-linchpin-web/fk-cp-zion/img/fa_62673a.png""/>",Bank Offer
Ruhi Collection Free Fire /Call of Duty/PubG Mobile Gam...,https://rukminim1.flixcart.com/image/612/612/kst9gnk0/finger-sleeve/j/r/r/3pair-sleeve-finger-sleeve-hepteris-original-imag6amgzxzmzhf4.jpeg?q=70,Ruhi,"Black, For Android",4.1,196,150,699,78,,Bank Offer
P G IMPEX pubg triggers  Gaming Accessory Kit,https://rukminim1.flixcart.com/image/612/612/k6jnfrk0/gaming-accessory-kit/mobile-gaming-trigger/m/u/2/gurukrupa-enterprise-pubg-triggers-original-imafmgpyxtqd8bzk.jpeg?q=70,P,"White, For iOS, Android",3.4,2483,163,299,45,"<img height=""21"" src=""//static-assets-web.flixcart.com/fk-p-linchpin-web/fk-cp-zion/img/fa_62673a.png""/>",Bank Offer
realme Mobile Game Trigger  Gaming Accessory Kit,https://rukminim1.flixcart.com/image/612/612/kzygpzk0/gaming-accessory-kit/gaming-kit/o/w/k/mobile-game-trigger-realme-original-imagbujhgwngeuhn.jpeg?q=70,realme,"Black, For Android",4.4,10,699,999,30,"<img height=""21"" src=""//static-assets-web.flixcart.com/fk-p-linchpin-web/fk-cp-zion/img/fa_62673a.png""/>",Hot Deal
Prifakt PUBG finger sleeve cap for sweat breathable ful...,https://rukminim1.flixcart.com/image/612/612/kq6yefk0/finger-sleeve/h/9/t/gaming-sleeves-sets-of-3-pubg-original-imag49dqhehnaz8n.jpeg?q=70,Prifakt,"Black, Yellow, For Android, iOS",4.3,15,132,449,70,"<img height=""21"" src=""//static-assets-web.flixcart.com/fk-p-linchpin-web/fk-cp-zion/img/fa_62673a.png""/>",Bank Offer
menaso low price Trigger and finger sleeve combo pack f...,https://rukminim1.flixcart.com/image/612/612/kt4ozgw0/gaming-accessory-kit/gaming-trigger/r/l/m/low-price-trigger-and-finger-sleeve-combo-pack-for-pubg-game-original-imag6jgxncncwwzc.jpeg?q=70,menaso,"White, Black, For Android, iOS",3.7,17,190,699,72,"<img height=""21"" src=""//static-assets-web.flixcart.com/fk-p-linchpin-web/fk-cp-zion/img/fa_62673a.png""/>",Bank Offer
SpinBot BattleMods Conductive Mobile Gaming Triggers fo...,https://rukminim1.flixcart.com/image/612/612/ksoz53k0/gaming-accessory-kit/l1-and-r1/a/9/v/battlemods-conductive-mobile-gaming-triggers-for-pubg-spinbot-original-imag67gwd7xkmqre.jpeg?q=70,SpinBot,"Midnight Blue, For Android, iOS",3.8,697,349,699,50,"<img height=""21"" src=""//static-assets-web.flixcart.com/fk-p-linchpin-web/fk-cp-zion/img/fa_62673a.png""/>",Bank Offer
acer Predator Helios 300 Octa Core i7 10th Gen - (16 GB...,https://rukminim1.flixcart.com/image/612/612/kuvkcy80/computer/x/s/4/na-gaming-laptop-acer-original-imag7whp2f8fgpaz.jpeg?q=70,acer,"15.6 inch, Black, 2.3 kg",4.5,1433,99990,149999,33,"<img height=""21"" src=""//static-assets-web.flixcart.com/fk-p-linchpin-web/fk-cp-zion/img/fa_62673a.png""/>","No Cost EMI from ₹11,110/month"
PRODOT keybord5 Wired USB Gaming Keyboard,https://rukminim1.flixcart.com/image/612/612/k5bcscw0/keyboard/gaming-keyboard/r/9/k/prodot-keybord5-original-imafzf9chpmgu9yj.jpeg?q=70,PRODOT,Black,4.3,63,401,499,19,"<img height=""21"" src=""//static-assets-web.flixcart.com/fk-p-linchpin-web/fk-cp-zion/img/fa_62673a.png""/>",Bank Offer
HP Pavilion Gaming Ryzen 7 Octa Core 4800H - (16 GB/1 T...,https://rukminim1.flixcart.com/image/612/612/kbqu4cw0/computer/q/x/r/hp-original-imaftyzachgrav8f.jpeg?q=70,HP,"15.6 inch, Shadow Black, 2.19 kg, With MS Office",4.5,1334,74990,93565,19,"<img height=""21"" src=""//static-assets-web.flixcart.com/fk-p-linchpin-web/fk-cp-zion/img/fa_62673a.png""/>",Bank Offer
ASUS ROG Flow X13 Ryzen 9 Octa Core 5900HS - (32 GB/1 T...,https://rukminim1.flixcart.com/image/612/612/koixwnk0/computer/b/i/z/na-gaming-laptop-asus-original-imag2ygghykjhv95.jpeg?q=70,ASUS,"13.4 inch, Off-Black, 1.30 Kg, With MS Office",4.1,7,112990,188990,40,"<img height=""21"" src=""//static-assets-web.flixcart.com/fk-p-linchpin-web/fk-cp-zion/img/fa_62673a.png""/>",Bank Offer
Filiz Professional Gaming Console Gun Trigger with thum...,https://rukminim1.flixcart.com/image/612/612/kziqvm80/gaming-accessory-kit/performance-gaming-kit/a/q/c/professional-gaming-console-gun-trigger-with-thumb-sleeve-for-original-imagbhsg4jwtmdwg.jpeg?q=70,Filiz,"Yellow, Black, For Android",3.8,36,199,799,75,"<img height=""21"" src=""//static-assets-web.flixcart.com/fk-p-linchpin-web/fk-cp-zion/img/fa_62673a.png""/>",Bank Offer
acer Nitro 5 Ryzen 7 Octa Core 5800H - (16 GB/1 TB HDD/...,https://rukminim1.flixcart.com/image/612/612/kmns7m80/computer/o/0/x/na-gaming-laptop-acer-original-imagfgq66pufmnny.jpeg?q=70,acer,"15.6 inch, Black, 2.4 kg",4.4,429,94960,119990,20,"<img height=""21"" src=""//static-assets-web.flixcart.com/fk-p-linchpin-web/fk-cp-zion/img/fa_62673a.png""/>","No Cost EMI from ₹10,552/month"
PORTLIX PRESENTING FLEXIBLE FINGER GLOVES PUBG TRIGGER ...,https://rukminim1.flixcart.com/image/612/612/kzrbiq80/gaming-accessory-kit/gaming-kit/q/6/r/super-smooth-finger-gloves-pubg-trigger-game-finger-sleeve-original-imagbp3zpsdf2hgf.jpeg?q=70,PORTLIX,"Black, For Android, iOS",3.9,339,199,242,17,,Bank Offer
ASUS ROG Strix G15 Advantage Edition Ryzen 9 Octa Core ...,https://rukminim1.flixcart.com/image/612/612/ks7tuvk0/computer/t/j/v/g513qy-hq008ts-gaming-laptop-asus-original-imag5tthdvxrbrnv.jpeg?q=70,ASUS,"15.6 inch, Original Black, 2.50 kg, With MS Office",4.6,230,139990,207990,32,"<img height=""21"" src=""//static-assets-web.flixcart.com/fk-p-linchpin-web/fk-cp-zion/img/fa_62673a.png""/>",Hot Deal
AMKETTE EvoFox Katana Mechanical and Programmable LED W...,https://rukminim1.flixcart.com/image/612/612/l3j2cnk0/keyboard/gaming-keyboard/r/g/3/evofox-katana-mechanical-and-programmable-led-amkette-original-imagemtpuhyptgx3.jpeg?q=70,AMKETTE,Black,4.4,197,2534,3999,36,"<img height=""21"" src=""//static-assets-web.flixcart.com/fk-p-linchpin-web/fk-cp-zion/img/fa_62673a.png""/>",Bank Offer
Wings GRIND100 Wired USB Gaming Keyboard,https://rukminim1.flixcart.com/image/612/612/l09w8sw0/keyboard/e/x/l/-original-imagc3e8t9g3f8rz.jpeg?q=70,Wings,Black,4.5,271,999,1999,50,"<img height=""21"" src=""//static-assets-web.flixcart.com/fk-p-linchpin-web/fk-cp-zion/img/fa_62673a.png""/>",Bank Offer
MSI Pulse GL66 Core i7 11th Gen - (16 GB/1 TB SSD/Windo...,https://rukminim1.flixcart.com/image/612/612/kr3tj0w0/computer/b/p/r/na-notebook-msi-original-imag4z5zs2xkvmwh.jpeg?q=70,MSI,"15.6 inches, Grey, 2.25 kg",4.6,113,99990,139990,28,"<img height=""21"" src=""//static-assets-web.flixcart.com/fk-p-linchpin-web/fk-cp-zion/img/fa_62673a.png""/>",Bank Offer
Vero Forza Arctic  Gaming Accessory Kit,https://rukminim1.flixcart.com/image/612/612/kx0q4y80/gaming-accessory-kit/mobile-gaming-cooler/y/c/w/arctic-vero-forza-original-imag9kzmrrpzqmwz.jpeg?q=70,Vero,"Black, For Android, iOS",3.5,100,999,1399,28,,Bank Offer
Ant Esports KM540 Wired USB Gaming Keyboard,https://rukminim1.flixcart.com/image/612/612/kpzt7680/keyboard/gaming-keyboard/m/z/q/km540-ant-esports-original-imag43u3ch2hhqbz.jpeg?q=70,Ant,Black,4.4,117,1760,2499,29,,Bank Offer
HP GK100 Wired USB Gaming Keyboard,https://rukminim1.flixcart.com/image/612/612/k7ksvww0/keyboard/gaming-keyboard/7/g/r/hp-gk100-gaming-keyboard-original-imafpsfbbgnp6qzq.jpeg?q=70,HP,Black,4.5,896,1835,2799,34,"<img height=""21"" src=""//static-assets-web.flixcart.com/fk-p-linchpin-web/fk-cp-zion/img/fa_62673a.png""/>",Hot Deal
Razer BlackWidow V3 Pro - Wireless Mechanical Gaming Ke...,https://rukminim1.flixcart.com/image/612/612/l3khsi80/keyboard/e/r/5/-original-imagenzktphzgzt8.jpeg?q=70,Razer,Black,0,0,20499,29999,31,"<img height=""21"" src=""//static-assets-web.flixcart.com/fk-p-linchpin-web/fk-cp-zion/img/fa_62673a.png""/>",Bank Offer
Oxhox Quality Gaming Trigger and finger sleeve combo pa...,https://rukminim1.flixcart.com/image/612/612/kt8zb0w0/gaming-accessory-kit/gaming-trigger-sleeve-cap-for-finger/b/u/u/quality-gaming-trigger-and-finger-sleeve-combo-pack-for-mobile-original-imag6n7stswb82hf.jpeg?q=70,Oxhox,"Red/ / /White, Black, For Android, iOS",3.3,20,148,599,75,,Bank Offer
MSI Sword 15 Core i5 12th Gen - (16 GB/512 GB SSD/Windo...,https://rukminim1.flixcart.com/image/612/612/l2qhjm80/computer/n/t/g/sword-15-a12ud-gaming-laptop-msi-original-imageymchyn4ypgz.jpeg?q=70,MSI,"15.6 Inch, White, 2.25 Kg",5,4,82990,111990,25,"<img height=""21"" src=""//static-assets-web.flixcart.com/fk-p-linchpin-web/fk-cp-zion/img/fa_62673a.png""/>","No Cost EMI from ₹9,222/month"
ASUS TUF Gaming F17 (2022) Core i5 12th Gen - (16 GB/51...,https://rukminim1.flixcart.com/image/612/612/l3rmzrk0/computer/q/d/n/-original-imagetjymucqggdq.jpeg?q=70,ASUS,"17.3 Inch, Jaeger Grey, 2.60 Kg",4.7,15,86990,113990,23,"<img height=""21"" src=""//static-assets-web.flixcart.com/fk-p-linchpin-web/fk-cp-zion/img/fa_62673a.png""/>",Hot Deal
ASUS ROG Strix G15 (2022) Ryzen 7 Octa Core 6800H - (16...,https://rukminim1.flixcart.com/image/612/612/l0vbukw0/computer/z/o/e/-original-imagckcfz6jgjn3z.jpeg?q=70,ASUS,"15.6 Inch, Eclipse Gray, 2.10 Kg",4.8,10,102990,142990,27,"<img height=""21"" src=""//static-assets-web.flixcart.com/fk-p-linchpin-web/fk-cp-zion/img/fa_62673a.png""/>","Get for as low as ₹98,990"
MSI Sword 15 Core i5 12th Gen - (16 GB/512 GB SSD/Windo...,https://rukminim1.flixcart.com/image/612/612/l2qhjm80/computer/n/t/g/sword-15-a12ud-gaming-laptop-msi-original-imageymchyn4ypgz.jpeg?q=70,MSI,"15.6 Inch, White, 2.25 Kg",5,4,82990,111990,25,"<img height=""21"" src=""//static-assets-web.flixcart.com/fk-p-linchpin-web/fk-cp-zion/img/fa_62673a.png""/>","Get for as low as ₹78,990"
SARASI Anti-Sweat & Breathable Sleeve PUBG FREE FIRE Gl...,https://rukminim1.flixcart.com/image/612/612/l0cr4i80/gaming-accessory-kit/gaming-gloves/1/g/r/anti-sweat-breathable-sleeve-pubg-free-fire-gloves-for-mobile-1-original-imagc5rbnznatwdh.jpeg?q=70,SARASI,"Black, For Android",3.9,80,299,399,25,"<img height=""21"" src=""//static-assets-web.flixcart.com/fk-p-linchpin-web/fk-cp-zion/img/fa_62673a.png""/>",Bank Offer
RRHR SALES finger cap for sweat breathable full touch s...,https://rukminim1.flixcart.com/image/612/612/kpu3frk0/gaming-accessory-kit/gaming-controller-sleeve-cap-for-finger/j/j/i/finger-sleeve-cap-for-sweat-breathable-full-touch-screen-to-original-imag3zz32exgsa42.jpeg?q=70,RRHR,"Black, For iOS, Android",3.9,193,179,499,64,"<img height=""21"" src=""//static-assets-web.flixcart.com/fk-p-linchpin-web/fk-cp-zion/img/fa_62673a.png""/>",Bank Offer
MSI Alpha 15 Ryzen 7 Octa Core 5800H - (16 GB/1 TB SSD/...,https://rukminim1.flixcart.com/image/612/612/ktszgy80/computer/h/0/f/alpha-15-b5eek-029in-gaming-laptop-msi-original-imag72h7uptk3x9t.jpeg?q=70,MSI,"15.6 inch, Black, 2.35 kg",4.5,207,92990,145990,36,"<img height=""21"" src=""//static-assets-web.flixcart.com/fk-p-linchpin-web/fk-cp-zion/img/fa_62673a.png""/>","Get for as low as ₹88,990"
MSI Core i5 11th Gen - (8 GB/512 GB SSD/Windows 10 Home...,https://rukminim1.flixcart.com/image/612/612/l2qhjm80/computer/l/t/g/gf63-thin-11uc-867in-gaming-laptop-msi-original-imageyk5hzuthuyf.jpeg?q=70,MSI,"15.6 Inch, Black, 1.86 Kg",0,0,63990,83990,23,"<img height=""21"" src=""//static-assets-web.flixcart.com/fk-p-linchpin-web/fk-cp-zion/img/fa_62673a.png""/>","Get for as low as ₹59,990"
Aced M2 PUBG Triggers for Mobile Gaming for BGMI/Free F...,https://rukminim1.flixcart.com/image/612/612/l29c9e80/gaming-accessory-kit/gaming-kit/b/a/t/m2-pubg-triggers-for-mobile-gaming-for-bgmi-free-fire-cod-mobile-original-imagdna4zju8s26h.jpeg?q=70,Aced,"Black, For Android, iOS",3.9,66,679,999,32,"<img height=""21"" src=""//static-assets-web.flixcart.com/fk-p-linchpin-web/fk-cp-zion/img/fa_62673a.png""/>",Bank Offer
ASUS TUF Gaming F17 Core i7 11th Gen - (16 GB/512 GB SS...,https://rukminim1.flixcart.com/image/612/612/l3rmzrk0/computer/n/p/z/-original-imagetjf9pgwyyp9.jpeg?q=70,ASUS,"17.3 inch, Graphite Black, 2.60 kg",4.4,175,85990,101990,15,"<img height=""21"" src=""//static-assets-web.flixcart.com/fk-p-linchpin-web/fk-cp-zion/img/fa_62673a.png""/>","Get for as low as ₹81,990"
Sanctuary Single-Handed USB Gaming Mechanical Keyboard ...,https://rukminim1.flixcart.com/image/612/612/kq18n0w0/keyboard/gaming-keyboard/d/s/k/single-handed-usb-gaming-mechanical-keyboard-wired-39-keys-original-imag44zmt6j63quv.jpeg?q=70,Sanctuary,Black,4,26,1799,3199,43,"<img height=""21"" src=""//static-assets-web.flixcart.com/fk-p-linchpin-web/fk-cp-zion/img/fa_62673a.png""/>",Bank Offer
ASUS TUF Gaming A17 Ryzen 7 Octa Core 4800H - (16 GB/51...,https://rukminim1.flixcart.com/image/612/612/l3rmzrk0/computer/z/2/c/-original-imagetjyhhtrtkdg.jpeg?q=70,ASUS,"17.3 inch, Eclipse Gray, 2.60 kg",4.5,1236,81990,107990,24,"<img height=""21"" src=""//static-assets-web.flixcart.com/fk-p-linchpin-web/fk-cp-zion/img/fa_62673a.png""/>","Get for as low as ₹77,990"
Razer BlackWidow V3 Pro - Wireless Mechanical Gaming Ke...,https://rukminim1.flixcart.com/image/612/612/l3khsi80/keyboard/e/r/5/-original-imagenzktphzgzt8.jpeg?q=70,Razer,Black,0,0,19094,29999,36,"<img height=""21"" src=""//static-assets-web.flixcart.com/fk-p-linchpin-web/fk-cp-zion/img/fa_62673a.png""/>","Get for as low as ₹17,184"
WILDBRAIN Combo pack of touch smoothly run finger sleev...,https://rukminim1.flixcart.com/image/612/612/kuvkcy80/gaming-accessory-kit/mobile-gaming-trigger-controller-sleeve-cap-for-finger/d/8/l/combo-pack-of-touch-smoothly-run-finger-sleeve-cap-and-fastest-original-imag7w9mwzrxtazc.jpeg?q=70,WILDBRAIN,"Red&Black, For Android",3.7,78,199,799,75,"<img height=""21"" src=""//static-assets-web.flixcart.com/fk-p-linchpin-web/fk-cp-zion/img/fa_62673a.png""/>",Bank Offer
"ankSONline Games For Gaming BGMI,PUBG & Others Games  G...",https://rukminim1.flixcart.com/image/612/612/l0e6kcw0/gaming-accessory-kit/gaming-finger-sleeves/d/e/3/anti-sweat-breathable-games-finger-sleeve-for-gaming-bgmi-pubg-original-imagc7ftcsqhs6wz.jpeg?q=70,ankSONline,"Blue, For Android, iOS",0,0,110,499,77,,Bank Offer
P R Production Controller Finger Cots Pubg Anti-Slip Th...,https://rukminim1.flixcart.com/image/612/612/ksgehzk0/gaming-accessory-kit/gaming-kit/8/t/a/controller-finger-cots-pubg-anti-slip-thumb-sleeve-proof-pack-of-original-imag6yvrnjk7grzq.jpeg?q=70,P,"Black, For iOS, Android",3.9,616,143,199,28,"<img height=""21"" src=""//static-assets-web.flixcart.com/fk-p-linchpin-web/fk-cp-zion/img/fa_62673a.png""/>",Bank Offer
MSI GF65 Thin Hexa Core i5 10th Gen - (16 GB/512 GB SSD...,https://rukminim1.flixcart.com/image/612/612/ktszgy80/computer/e/v/f/gf65-thin-10ue-290in-gaming-laptop-msi-original-imag72h6vxjqhpnh.jpeg?q=70,MSI,"15.6 inch, Black, 1.86 KG",4.6,472,79990,106990,25,"<img height=""21"" src=""//static-assets-web.flixcart.com/fk-p-linchpin-web/fk-cp-zion/img/fa_62673a.png""/>","Get for as low as ₹75,990"
HP Pavilion Gaming Core i5 11th Gen - (8 GB/1 TB HDD/25...,https://rukminim1.flixcart.com/image/612/612/krjjde80/computer/b/q/h/na-gaming-laptop-hp-original-imag5bg5uwgmhmqj.jpeg?q=70,HP,"15.6 inches, Shadow Black & Ultra Violet, 2.28 kg, With MS Office",4.3,190,65990,80699,18,"<img height=""21"" src=""//static-assets-web.flixcart.com/fk-p-linchpin-web/fk-cp-zion/img/fa_62673a.png""/>","Get for as low as ₹61,990"
HP Pavilion Gaming Core i5 11th Gen - (8 GB/512 GB SSD/...,https://rukminim1.flixcart.com/image/612/612/krjjde80/computer/b/q/h/na-gaming-laptop-hp-original-imag5bg5uwgmhmqj.jpeg?q=70,HP,"15.6 inch, Shadow Black & Ultra Violet, 2.23 kg, With MS Office",4.6,9,70990,87152,18,"<img height=""21"" src=""//static-assets-web.flixcart.com/fk-p-linchpin-web/fk-cp-zion/img/fa_62673a.png""/>","Get for as low as ₹66,990"
"RAJ Controller Finger Cots (PACK OF 7), Thumb & Finger ...",https://rukminim1.flixcart.com/image/612/612/kj0bp8w0-0/gaming-accessory-kit/gaming-kit/u/i/o/controller-finger-cots-pack-of-7-thumb-finger-sleeve-for-mobile-original-imafyz47pzrq9kxu.jpeg?q=70,RAJ,"Black, Gray, For iOS, Android, PS5",4,2975,181,899,79,"<img height=""21"" src=""//static-assets-web.flixcart.com/fk-p-linchpin-web/fk-cp-zion/img/fa_62673a.png""/>",Bank Offer
Lenovo Legion 5 Ryzen 5 Hexa Core 4600H - (8 GB/1 TB HD...,https://rukminim1.flixcart.com/image/612/612/kk76wsw0/computer/h/j/o/lenovo-original-imafzhsyzryckmew.jpeg?q=70,Lenovo,"15.6 inch, Phantom Black, 2.3 kg",4.6,382,68999,93690,26,,"Get for as low as ₹64,999"
TEWENT finger sleeves for pubg  Gaming Accessory Kit,https://rukminim1.flixcart.com/image/612/612/krwec280/finger-sleeve/1/4/v/finger-sleeve-for-gaming-pubg-cod-etc-hv-high-visual-original-imag5kx5hau4erez.jpeg?q=70,TEWENT,"Black, Yellow, For Android, iOS",4,48,140,499,71,"<img height=""21"" src=""//static-assets-web.flixcart.com/fk-p-linchpin-web/fk-cp-zion/img/fa_62673a.png""/>",Bank Offer
HP HP Pavilion Ryzen 5 Hexa Core 4600H - (8 GB/512 GB S...,https://rukminim1.flixcart.com/image/612/612/ku2zjww0/computer/r/f/d/na-gaming-laptop-hp-original-imag7a7fgvrae7uu.jpeg?q=70,HP,"15.6 inch, Shadow Black, 1.98 kg",4.4,2249,57990,76020,23,"<img height=""21"" src=""//static-assets-web.flixcart.com/fk-p-linchpin-web/fk-cp-zion/img/fa_62673a.png""/>","Get for as low as ₹53,990"
ASUS Ryzen 5 Dual Core 5th Gen - (8 GB/512 GB SSD/Windo...,https://rukminim1.flixcart.com/image/612/612/l1b1oy80/computer/n/t/t/fa506ic-hn075w-gaming-laptop-asus-original-imagcwugqkffhevx.jpeg?q=70,ASUS,"15.6 inch, Black",0,0,55990,76990,27,"<img height=""21"" src=""//static-assets-web.flixcart.com/fk-p-linchpin-web/fk-cp-zion/img/fa_62673a.png""/>","Get for as low as ₹52,990"
GAMDIAS Hermes M5 Wired Mechanical Gaming Keyboard Wire...,https://rukminim1.flixcart.com/image/612/612/km2clu80/keyboard/gaming-keyboard/3/5/u/hermes-m5-wired-mechanical-gaming-keyboard-gamdias-original-imagffygspfagtxm.jpeg?q=70,GAMDIAS,White,4.7,3,4499,9500,52,"<img height=""21"" src=""//static-assets-web.flixcart.com/fk-p-linchpin-web/fk-cp-zion/img/fa_62673a.png""/>",Bank Offer
ASUS TUF Gaming F15 Core i5 10th Gen - (8 GB/512 GB SSD...,https://rukminim1.flixcart.com/image/612/612/l3rmzrk0/computer/s/z/r/-original-imagetgzg4pgszmt.jpeg?q=70,ASUS,"15.6 Inch, Black Plastic, 2.3 KG, With MS Office",4.4,4124,62990,89990,30,"<img height=""21"" src=""//static-assets-web.flixcart.com/fk-p-linchpin-web/fk-cp-zion/img/fa_62673a.png""/>","Get for as low as ₹58,990"
VIBOTON T-WOLF T19 Wired One-handed Gaming Keyboard 35 ...,https://rukminim1.flixcart.com/image/612/612/kz1lle80/keyboard/gaming-keyboard/c/v/t/t-wolf-t19-wired-one-handed-gaming-keyboard-35-key-colorful-original-imagb58mws4x8uzv.jpeg?q=70,VIBOTON,Black,4,107,882,3999,77,"<img height=""21"" src=""//static-assets-web.flixcart.com/fk-p-linchpin-web/fk-cp-zion/img/fa_62673a.png""/>",Hot Deal
ASUS TUF Gaming K1 - RA04 Wired USB Gaming Keyboard,https://rukminim1.flixcart.com/image/612/612/klzhq4w0/keyboard/gaming-keyboard/j/g/d/tuf-gaming-k1-ra04-asus-original-imagyz9yuzkuzy64.jpeg?q=70,ASUS,Black,4,49,4109,4400,6,"<img height=""21"" src=""//static-assets-web.flixcart.com/fk-p-linchpin-web/fk-cp-zion/img/fa_62673a.png""/>",Bank Offer
ANY KART Free fire Helper Game Handle Peace Elite Fast ...,https://rukminim1.flixcart.com/image/612/612/kuzuoi80/gamepad/game-controller/d/b/3/free-fire-helper-game-handle-peace-elite-fast-shooting-button-original-imag7zxjxbzm77np.jpeg?q=70,ANY,"Black, For Android, iOS",3.6,49,374,800,53,,Bank Offer
ZEBRONICS Zeb-Transformer K2 Wired USB Gaming Keyboard,https://rukminim1.flixcart.com/image/612/612/ksyz8280/keyboard/gaming-keyboard/a/g/8/zeb-transformer-k2-zebronics-original-imag6ezhsr8a9zcn.jpeg?q=70,ZEBRONICS,Black,4.1,78,949,1999,52,"<img height=""21"" src=""//static-assets-web.flixcart.com/fk-p-linchpin-web/fk-cp-zion/img/fa_62673a.png""/>",Bank Offer
ASUS Ryzen 9 Octa Core 10th Gen - (16 GB/512 GB SSD/Win...,https://rukminim1.flixcart.com/image/612/612/l2p23rk0/computer/t/i/t/tuf-gaming-a15-gaming-laptop-asus-original-imagdzby2dzuqucp.jpeg?q=70,ASUS,"16.6 inch, Graphite Black",0,0,98990,142990,30,"<img height=""21"" src=""//static-assets-web.flixcart.com/fk-p-linchpin-web/fk-cp-zion/img/fa_62673a.png""/>","Get for as low as ₹95,990"
MSI Delta 15 AMD Advantage Edition Ryzen 9 Octa Core 59...,https://rukminim1.flixcart.com/image/612/612/kxnl6kw0/computer/p/y/t/a5efk-083in-gaming-laptop-msi-original-imaga237dvrrnznh.jpeg?q=70,MSI,"15.6 inch, Carbon Gray, 1.9 kg",4.6,8,124990,188990,33,"<img height=""21"" src=""//static-assets-web.flixcart.com/fk-p-linchpin-web/fk-cp-zion/img/fa_62673a.png""/>","Get for as low as ₹1,20,990"
SARASI Super Anti-Sweat & Breathable Sleeve PUBG & FREE...,https://rukminim1.flixcart.com/image/612/612/l0cr4i80/gaming-accessory-kit/gaming-gloves/x/w/m/super-anti-sweat-breathable-sleeve-pubg-free-fire-gloves-for-original-imagc5rg7p5m4azd.jpeg?q=70,SARASI,"Black, For Android",3.8,6,249,599,58,,Bank Offer
Buy Genuine Mobile Phone Gaming Trigger Button Handle f...,https://rukminim1.flixcart.com/image/612/612/jq189e80/gaming-accessory-kit/gaming-trigger/f/5/h/buy-genuine-mobile-phone-gaming-trigger-button-handle-for-l1r1-original-imaf94bjbze4f9fd.jpeg?q=70,Buy,"Black, For Android, iOS",3.9,10,173,599,71,,Bank Offer
ASUS Ryzen 9 Octa Core 5900HX - (16 GB/1 TB SSD/Windows...,https://rukminim1.flixcart.com/image/612/612/kwl0akw0/computer/r/0/d/-original-imag98fvf2yr5xz7.jpeg?q=70,ASUS,"14 inch, Black, 1.45 kg, With MS Office",0,0,99990,149990,33,"<img height=""21"" src=""//static-assets-web.flixcart.com/fk-p-linchpin-web/fk-cp-zion/img/fa_62673a.png""/>","Get for as low as ₹95,990"
RPM Euro Games PUBG Controller Mobile Game Trigger for ...,https://rukminim1.flixcart.com/image/612/612/k15bjww0/gaming-accessory-kit/gaming-performance-kit/v/v/5/rpm-euro-games-pubg-controller-mobile-game-trigger-for-android-original-imafkbmyhdagmnuf.jpeg?q=70,RPM,"Black, For Android, iOS",3.3,3106,199,990,79,"<img height=""21"" src=""//static-assets-web.flixcart.com/fk-p-linchpin-web/fk-cp-zion/img/fa_62673a.png""/>",Bank Offer
GAMDIAS E3 RGB Mechanical Gaming Keyboard Blue Switch w...,https://rukminim1.flixcart.com/image/612/612/kwtkxow0/keyboard/gaming-keyboard/a/j/l/hermes-e3-rgb-mechanical-gaming-keyboard-blue-switch-with-19-original-imag9f2huget4ctp.jpeg?q=70,GAMDIAS,White,4.8,10,4799,9500,49,"<img height=""21"" src=""//static-assets-web.flixcart.com/fk-p-linchpin-web/fk-cp-zion/img/fa_62673a.png""/>",Bank Offer
"Huayue ™ Pubg Anti-Slip Thumb Sleeve, Slip-Proof Sweat-...",https://rukminim1.flixcart.com/image/612/612/kqwobrk0/gaming-accessory-kit/gaming-kit/b/m/v/pubg-anti-slip-thumb-sleeve-slip-proof-sweat-proof-professional-original-imag4tb3sh9j8rcy.jpeg?q=70,Huayue,"Multicolor, For Android, iOS",4,99,146,199,26,"<img height=""21"" src=""//static-assets-web.flixcart.com/fk-p-linchpin-web/fk-cp-zion/img/fa_62673a.png""/>",Bank Offer
acer Predator Helios 300 Core i9 11th Gen - (16 GB/1 TB...,https://rukminim1.flixcart.com/image/612/612/ksgehzk0/computer/r/c/k/predator-helios-300-gaming-laptop-acer-original-imag6yjdmwdrksyn.jpeg?q=70,acer,"15.6 Inch, Abyssal Black, 2.3 Kg",4.8,4,124990,161999,22,"<img height=""21"" src=""//static-assets-web.flixcart.com/fk-p-linchpin-web/fk-cp-zion/img/fa_62673a.png""/>","Get for as low as ₹1,20,990"
CORSAIR K55 PRO RGB Wired USB Gaming Keyboard,https://rukminim1.flixcart.com/image/612/612/kxhvf680/keyboard/gaming-keyboard/5/c/q/k55-pro-rgb-corsair-original-imag9yyttqw87tar.jpeg?q=70,CORSAIR,Black,4.8,23,3799,6700,43,"<img height=""21"" src=""//static-assets-web.flixcart.com/fk-p-linchpin-web/fk-cp-zion/img/fa_62673a.png""/>",Bank Offer
SACRIS Red Black Trigger with Finger Gloves  Gaming Acc...,https://rukminim1.flixcart.com/image/612/612/l0fm07k0/gamingconsole/z/h/i/0-red-black-trigger-with-finger-gloves-sacris-na-original-imagc8f5jq7bw3pa.jpeg?q=70,SACRIS,"Red, Black, For Wii",3.4,5,198,500,60,,Bank Offer
ASUS TUF Gaming F15 (2022) Core i7 12th Gen - (16 GB/1 ...,https://rukminim1.flixcart.com/image/612/612/l3rmzrk0/computer/l/7/m/-original-imagetj2awbvdju6.jpeg?q=70,ASUS,"15.6 inch, Mecha Gray, 2.20 kg, With MS Office",0,0,134990,169990,20,"<img height=""21"" src=""//static-assets-web.flixcart.com/fk-p-linchpin-web/fk-cp-zion/img/fa_62673a.png""/>","Get for as low as ₹1,30,990"
ASUS TUF Gaming K3 - RA05 Wired USB Gaming Keyboard,https://rukminim1.flixcart.com/image/612/612/knyxqq80/keyboard/gaming-keyboard/l/v/0/tuf-gaming-k3-ra05-asus-original-imag2j6nx25wdfep.jpeg?q=70,ASUS,Black,4.7,46,7135,8000,10,"<img height=""21"" src=""//static-assets-web.flixcart.com/fk-p-linchpin-web/fk-cp-zion/img/fa_62673a.png""/>",Bank Offer
MSI Katana GF66 Core i5 12th Gen - (16 GB/512 GB SSD/Wi...,https://rukminim1.flixcart.com/image/612/612/l2qhjm80/computer/j/h/b/katana-gf66-12ud-gaming-laptop-msi-original-imageym6wfkavhyh.jpeg?q=70,MSI,"15.6 Inch, Black, 2.25 Kg",0,0,85990,111990,23,"<img height=""21"" src=""//static-assets-web.flixcart.com/fk-p-linchpin-web/fk-cp-zion/img/fa_62673a.png""/>","No Cost EMI from ₹9,555/month"
MSI Core i7 11th Gen - (8 GB/512 GB SSD/Windows 10 Home...,https://rukminim1.flixcart.com/image/612/612/l2qhjm80/computer/l/t/g/gf63-thin-11uc-867in-gaming-laptop-msi-original-imageyk5hzuthuyf.jpeg?q=70,MSI,"15.6 Inch, Black, 1.86 Kg",0,0,70990,89990,21,"<img height=""21"" src=""//static-assets-web.flixcart.com/fk-p-linchpin-web/fk-cp-zion/img/fa_62673a.png""/>","No Cost EMI from ₹7,888/month"
PEARIVE MYKI SHARKFIN NORTHSTAR PUBG TRIGGER CONTROLLER...,https://rukminim1.flixcart.com/image/612/612/kf75fgw0/gaming-accessory-kit/gaming-kit/g/c/r/pearive-myki-sharkfin-northstar-pubg-trigger-controller-new-original-imafvpr5uftytzhs.jpeg?q=70,PEARIVE,"Blue, For Android, iOS, PC",3.7,62,210,999,78,"<img height=""21"" src=""//static-assets-web.flixcart.com/fk-p-linchpin-web/fk-cp-zion/img/fa_62673a.png""/>",Bank Offer
"ZEBRONICS Zeb-Max Ninja Wireless, Bluetooth Gaming Keyb...",https://rukminim1.flixcart.com/image/612/612/kxgfzbk0/keyboard/multi-device-keyboard/k/v/i/zeb-max-ninja-zebronics-original-imag9whzdp586jen.jpeg?q=70,ZEBRONICS,Black,4.6,20,3549,8999,60,"<img height=""21"" src=""//static-assets-web.flixcart.com/fk-p-linchpin-web/fk-cp-zion/img/fa_62673a.png""/>",Bank Offer
ZEBRONICS ZEB-MAGNUS Wired USB Gaming Keyboard,https://rukminim1.flixcart.com/image/612/612/kiow6fk0-0/keyboard/gaming-keyboard/p/t/7/zeb-magnus-zebronics-original-imafyfftskutknfu.jpeg?q=70,ZEBRONICS,Black,4.3,529,1459,2499,41,"<img height=""21"" src=""//static-assets-web.flixcart.com/fk-p-linchpin-web/fk-cp-zion/img/fa_62673a.png""/>",Bank Offer
ASUS ROG STRIX SCOPE DELUXE Wired USB Gaming Keyboard,https://rukminim1.flixcart.com/image/612/612/l20rma80/keyboard/gaming-keyboard/x/y/x/rog-strix-scope-deluxe-asus-original-imagdggernhadq3q.jpeg?q=70,ASUS,Black,0,0,13164,13299,1,"<img height=""21"" src=""//static-assets-web.flixcart.com/fk-p-linchpin-web/fk-cp-zion/img/fa_62673a.png""/>",Bank Offer
rich hood HIGH QUALITY SUPER SMOOTH FINGER GLOVES PUBG ...,https://rukminim1.flixcart.com/image/612/612/kdkkdjk0/gaming-accessory-kit/gaming-kit/z/u/8/rich-hood-high-quality-super-smooth-finger-gloves-pubg-trigger-original-imafug9pjz7hrhpd.jpeg?q=70,rich,"Black, For Android, iOS",3.5,46,99,199,50,,Bank Offer
Razer Tartarus Pro - Analog Optical Mercury Wired USB G...,https://rukminim1.flixcart.com/image/612/612/kmxsakw0/keyboard/gaming-keyboard/j/h/5/tartarus-pro-analog-optical-mercury-razer-original-imagfqbhqwysqfsx.jpeg?q=70,Razer,"White, Grey",0,0,9999,14999,33,"<img height=""21"" src=""//static-assets-web.flixcart.com/fk-p-linchpin-web/fk-cp-zion/img/fa_62673a.png""/>",Bank Offer
DELL Core i5 11th Gen - (8 GB/512 GB SSD/Windows 11 Hom...,https://rukminim1.flixcart.com/image/612/612/l59xq4w0/computer/h/u/z/-original-imagfzmncb5nfzhw.jpeg?q=70,DELL,"15.6 inch, Dark Shadow Grey, 2.65 kg, With MS Office",4.4,19,69490,75826,8,"<img height=""21"" src=""//static-assets-web.flixcart.com/fk-p-linchpin-web/fk-cp-zion/img/fa_62673a.png""/>",Bank Offer
ASUS ROG Strix G15 Ryzen 7 Octa Core 4800H - (8 GB/512 ...,https://rukminim1.flixcart.com/image/612/612/l3vxbbk0/computer/g/u/y/-original-imagewgtfgzf8fdd.jpeg?q=70,ASUS,"15.6 inch, Eclipse Gray, 2.10 Kg",4.4,180,76990,0,0,"<img height=""21"" src=""//static-assets-web.flixcart.com/fk-p-linchpin-web/fk-cp-zion/img/fa_62673a.png""/>",Bank Offer
Logitech G613 Wireless Gaming Keyboard,https://rukminim1.flixcart.com/image/612/612/ju8oxow0/keyboard-refurbished/t/k/u/c-g613-logitech-original-imaf9hp3npqmhwbr.jpeg?q=70,Logitech,Black,4.3,40,8495,0,0,"<img height=""21"" src=""//static-assets-web.flixcart.com/fk-p-linchpin-web/fk-cp-zion/img/fa_62673a.png""/>",Bank Offer
"ZEBRONICS Zeb-Max Ninja Bluetooth, Wireless Gaming Keyb...",https://rukminim1.flixcart.com/image/612/612/kxgfzbk0/keyboard/multi-device-keyboard/s/b/w/zeb-max-ninja-zebronics-original-imag9wngdmfywggy.jpeg?q=70,ZEBRONICS,White,5,5,3699,8999,58,"<img height=""21"" src=""//static-assets-web.flixcart.com/fk-p-linchpin-web/fk-cp-zion/img/fa_62673a.png""/>",Bank Offer
Buy Genuine Mobile Game Controller - PUBG / Fortnite / ...,https://rukminim1.flixcart.com/image/612/612/jq2np8w0/gaming-accessory-kit/gaming-trigger/c/n/r/buy-genuine-mobile-game-controller-pubg-fortnite-knives-out-original-imafc5ahytywyfvz.jpeg?q=70,Buy,"Chrome, For Android, iOS",3.2,123,250,899,72,,Bank Offer
WILDBRAIN Conductive Trigger Mobile Controller Gamepad ...,https://rukminim1.flixcart.com/image/612/612/ktyp8cw0/gaming-accessory-kit/mobile-gaming-trigger/u/k/o/conductive-trigger-mobile-controller-gamepad-with-finger-for-original-imag76xgv9jpxrdn.jpeg?q=70,WILDBRAIN,"Black & Red, For Android",3.4,27,209,899,76,"<img height=""21"" src=""//static-assets-web.flixcart.com/fk-p-linchpin-web/fk-cp-zion/img/fa_62673a.png""/>",Bank Offer
Intex IT-KBM331 Wired USB Gaming Keyboard,https://rukminim1.flixcart.com/image/612/612/l2ghgnk0/keyboard/gaming-keyboard/h/k/6/it-kbm331-intex-original-imagdsvn8hzcsfhm.jpeg?q=70,Intex,Black,4.2,10,699,1199,41,,Bank Offer
ASUS Core i5 11th Gen - (8 GB/1 TB SSD/Windows 11 Home/...,https://rukminim1.flixcart.com/image/612/612/xif0q/computer/s/n/e/tuf-gaming-f15-gaming-laptop-asus-original-imaggtr67vccfgvx.jpeg?q=70,ASUS,"15.6 inch, Graphite Black",0,0,76990,97990,21,"<img height=""21"" src=""//static-assets-web.flixcart.com/fk-p-linchpin-web/fk-cp-zion/img/fa_62673a.png""/>",Bank Offer
MSI Crosshair 15 Core i7 12th Gen - (16 GB/1 TB SSD/Win...,https://rukminim1.flixcart.com/image/612/612/l2qhjm80/computer/p/i/1/crosshair-15-b12uez-gaming-laptop-msi-original-imageymuhhs7djjf.jpeg?q=70,MSI,"15.6 Inch, Black, 2.3 Kg",0,0,121990,156990,22,"<img height=""21"" src=""//static-assets-web.flixcart.com/fk-p-linchpin-web/fk-cp-zion/img/fa_62673a.png""/>","No Cost EMI from ₹13,555/month"
CORSAIR K70 RGB MK.2 MX Blue Wired USB Gaming Keyboard,https://rukminim1.flixcart.com/image/612/612/kxhvf680/keyboard/gaming-keyboard/9/n/m/k70-rgb-mk-2-mx-blue-corsair-original-imag9yytgcjznncz.jpeg?q=70,CORSAIR,Black,0,0,14499,19000,23,"<img height=""21"" src=""//static-assets-web.flixcart.com/fk-p-linchpin-web/fk-cp-zion/img/fa_62673a.png""/>",Bank Offer
accessoo Best Quality Grey Black Color finger sleeve co...,https://rukminim1.flixcart.com/image/612/612/ksxjs7k0/gaming-accessory-kit/gaming-kit/m/m/o/best-quality-grey-black-color-finger-sleeve-combo-pack-for-pubg-original-imag6ds9aphn7uaf.jpeg?q=70,accessoo,"Grey, Red, For Android, iOS",3.9,7,98,499,80,,Bank Offer
"Huayue ™ Pubg Anti-Slip Thumb Sleeve, Slip-Proof Sweat-...",https://rukminim1.flixcart.com/image/612/612/kqwobrk0/gaming-accessory-kit/gaming-kit/t/9/u/pubg-anti-slip-thumb-sleeve-slip-proof-sweat-proof-professional-original-imag4tbbguphu6hk.jpeg?q=70,Huayue,"Multicolor, For Android, iOS",4,90,159,749,78,"<img height=""21"" src=""//static-assets-web.flixcart.com/fk-p-linchpin-web/fk-cp-zion/img/fa_62673a.png""/>",Bank Offer
icall Combo pack of touch smoothly run finger sleeve ca...,https://rukminim1.flixcart.com/image/612/612/krayqa80/gaming-accessory-kit/gaming-controller-sleeve-cap-for-finger/v/s/0/combo-pack-of-touch-smoothly-run-finger-sleeve-cap-and-fastest-original-imag54gybrezsvg5.jpeg?q=70,icall,"Red&Black, For Android",3.5,78,195,349,44,,Bank Offer
GAMDIAS Hermes E4 3-IN-1 RGB Mechanical White Gaming Ke...,https://rukminim1.flixcart.com/image/612/612/xif0q/keyboard/gaming-keyboard/x/n/w/hermes-e4-3-in-1-rgb-mechanical-white-gaming-keyboard-mouse-and-original-imaggfy6u8gekstb.jpeg?q=70,GAMDIAS,White,0,0,4599,10500,56,"<img height=""21"" src=""//static-assets-web.flixcart.com/fk-p-linchpin-web/fk-cp-zion/img/fa_62673a.png""/>",Bank Offer
ASUS ROG Strix G15 Ryzen 7 Octa Core 5800H - (16 GB/1 T...,https://rukminim1.flixcart.com/image/612/612/koad9jk0/computer/u/r/2/na-gaming-laptop-asus-original-imag2sc5zgzhcsjd.jpeg?q=70,ASUS,"15.6 inch, Eclipse Gray, 2.30 Kg, With MS Office",0,0,176990,0,0,"<img height=""21"" src=""//static-assets-web.flixcart.com/fk-p-linchpin-web/fk-cp-zion/img/fa_62673a.png""/>",Bank Offer
ASUS TUF Gaming A17 Ryzen 7 Octa Core 4800H - (16 GB/51...,https://rukminim1.flixcart.com/image/612/612/l3rmzrk0/computer/z/2/c/-original-imagetjyhhtrtkdg.jpeg?q=70,ASUS,"17.3 Inch, Eclipse Gray, 2.60 Kg",4.5,15,79980,99500,19,,Bank Offer
Worricow New Blue Shark Pubg Trigger Gamepad Controller...,https://rukminim1.flixcart.com/image/612/612/kdnf98w0/gaming-accessory-kit/mobile-gaming-trigger/m/r/2/effulgent-shark-trigger-mobile-controller-pubg-trigger-battle-original-imafuhmbgw4q2kae.jpeg?q=70,Worricow,"Blue, For Android",3.4,276,190,939,79,"<img height=""21"" src=""//static-assets-web.flixcart.com/fk-p-linchpin-web/fk-cp-zion/img/fa_62673a.png""/>",Bank Offer
Viraan combo pack of E9 Mobile Gaming Trigger Fire Butt...,https://rukminim1.flixcart.com/image/612/612/kpbipow0/finger-sleeve/r/w/5/thumb-finger-sleeve-for-pubg-mobile-game-6-pairs-black-yellow-original-imag3h3antjnbtsw.jpeg?q=70,Viraan,"Red&White, For Android, iOS",0,0,379,899,57,,Bank Offer
"DENISIGA (10 PCS) Pubg Anti-Slip Thumb Yellow Sleeve, S...",https://rukminim1.flixcart.com/image/612/612/ks3jjbk0/gaming-accessory-kit/mobile-gaming-sleeves/s/8/g/pubg-anti-slip-thumb-sleeve-slip-proof-sweat-proof-professional-original-imag5qtz4wx6usdy.jpeg?q=70,DENISIGA,"Black, For Android",3.6,11,180,699,74,"<img height=""21"" src=""//static-assets-web.flixcart.com/fk-p-linchpin-web/fk-cp-zion/img/fa_62673a.png""/>",Bank Offer
ASUS TUF Gaming A17 (2022) Ryzen 7 Octa Core 6800H - (1...,https://rukminim1.flixcart.com/image/612/612/l3rmzrk0/computer/q/d/n/-original-imagetjymucqggdq.jpeg?q=70,ASUS,"17.3 Inch, Jaeger Gray, 2.60 Kg, With MS Office",0,0,102990,141990,27,"<img height=""21"" src=""//static-assets-web.flixcart.com/fk-p-linchpin-web/fk-cp-zion/img/fa_62673a.png""/>",Bank Offer
HP Pavilion Gaming Ryzen 5 Hexa Core 5600H - (8 GB/512 ...,https://rukminim1.flixcart.com/image/612/612/krjjde80/computer/b/q/h/na-gaming-laptop-hp-original-imag5bg5uwgmhmqj.jpeg?q=70,HP,"15.6 inch, Shadow Black & Ultra Violet, 1.98 kg",4.2,37,57700,71343,19,,Bank Offer
SpinBot BattleMods F1  Gaming Accessory Kit,https://rukminim1.flixcart.com/image/612/612/ksqeky80/gaming-accessory-kit/smartphones/f/r/s/battlemods-f1-spinbot-original-imag689tszmsstns.jpeg?q=70,SpinBot,"Black, For Android, iOS",4,606,649,999,35,"<img height=""21"" src=""//static-assets-web.flixcart.com/fk-p-linchpin-web/fk-cp-zion/img/fa_62673a.png""/>",Bank Offer
Buy Genuine Mobile Game Controller - PUBG / Fortnite / ...,https://rukminim1.flixcart.com/image/612/612/jn7rzww0/gaming-accessory-kit/gaming-trigger/t/t/k/buy-genuine-mobile-game-contro-original-imaf9utfysbn6yyy.jpeg?q=70,Buy,"Black, For Android, iOS",3.2,123,149,999,85,,Bank Offer
Meetion MT-MK500 Wired USB Gaming Keyboard,https://rukminim1.flixcart.com/image/612/612/xif0q/keyboard/n/r/k/-original-imagguszytcgcjyw.jpeg?q=70,Meetion,Black,0,0,2541,7699,66,"<img height=""21"" src=""//static-assets-web.flixcart.com/fk-p-linchpin-web/fk-cp-zion/img/fa_62673a.png""/>",Bank Offer
ASUS ROG Strix Scar 15 (2022) Core i9 12th Gen - (32 GB...,https://rukminim1.flixcart.com/image/612/612/l0vbukw0/computer/4/i/k/-original-imagckcfgfba4fja.jpeg?q=70,ASUS,"15.6 inch, Off Black, 2.30 kg, With MS Office",4.7,3,225990,275990,18,"<img height=""21"" src=""//static-assets-web.flixcart.com/fk-p-linchpin-web/fk-cp-zion/img/fa_62673a.png""/>",Bank Offer
HP OMEN Ryzen 7 Octa Core 5800H - (16 GB/1 TB SSD/Windo...,https://rukminim1.flixcart.com/image/612/612/kzn17680/computer/1/i/z/-original-imagbhzqahdzyx4e.jpeg?q=70,HP,"16.1 inch, Mica Silver, 2.32 Kg, With MS Office",0,0,112990,140347,19,"<img height=""21"" src=""//static-assets-web.flixcart.com/fk-p-linchpin-web/fk-cp-zion/img/fa_62673a.png""/>",Bank Offer
ZURU BUNCH HK8100 Wireless Multimedia Gaming Keyboard+2...,https://rukminim1.flixcart.com/image/612/612/l47cu4w0/keyboard/gaming-keyboard/j/q/v/hk8100-wireless-multimedia-gaming-keyboard-2-4ghz-4-buttons-original-imagf5htmdqgx8us.jpeg?q=70,ZURU,"Black, Blue",0,0,1599,1999,20,"<img height=""21"" src=""//static-assets-web.flixcart.com/fk-p-linchpin-web/fk-cp-zion/img/fa_62673a.png""/>",Bank Offer
"Buy Genuine PUBG Mobile Game Controller, Game Yard 1 Pa...",https://rukminim1.flixcart.com/image/612/612/jydaqa80/gaming-accessory-kit/gaming/g/f/u/maartiza-pubg-metal-controller-mobile-game-trigger-l1r1-shooter-original-imafc5a4vxhh2wba.jpeg?q=70,Buy,"Chrome, For Android, iOS",3.6,67,250,899,72,,Bank Offer
MOBIKAMA Multicolor Combo Pack Gaming Trigger and finge...,https://rukminim1.flixcart.com/image/612/612/kx3l0nk0/gaming-accessory-kit/gaming-trigger-sleeve-cap-for-finger/p/n/v/multicolor-combo-pack-gaming-trigger-and-finger-sleeve-for-original-imag9mnmkvpkhhqx.jpeg?q=70,MOBIKAMA,"Multicolor, For Android, iOS",0,0,189,599,68,,Bank Offer
"TEWENT Pubg Anti-Slip Thumb Sleeve, Slip-Proof Sweat-Pr...",https://rukminim1.flixcart.com/image/612/612/kon887k0/gaming-accessory-kit/gaming-controller-sleeve-cap-for-finger/3/j/y/finger-sleeve-cap-for-sweat-breathable-full-touch-screen-to-original-imag3fcp9bcm9nk6.jpeg?q=70,TEWENT,"Black, For iOS, Android",3.6,22,139,499,72,"<img height=""21"" src=""//static-assets-web.flixcart.com/fk-p-linchpin-web/fk-cp-zion/img/fa_62673a.png""/>",Bank Offer
HP OMEN Ryzen 5 Hexa Core 5600H - (8 GB/512 GB SSD/Wind...,https://rukminim1.flixcart.com/image/612/612/kzn17680/computer/1/i/z/-original-imagbhzqahdzyx4e.jpeg?q=70,HP,"16.1 inch, Mica Silver, 2.32 Kg, With MS Office",0,0,78990,87716,9,"<img height=""21"" src=""//static-assets-web.flixcart.com/fk-p-linchpin-web/fk-cp-zion/img/fa_62673a.png""/>",Hot Deal